DDD,-0.06,-0.98,-0.15,-0.14,-0.1
MMM,-0.05,-0.05,-0.05,-0.04,-0.03,-0.03
WBAI,0.3,-0.16,-3.66,-8.09,-0.88,-0.58
WUBA,-0.32,-0.29,-0.37,-0.35,-0.14,-0.06
EGHT,-0.09,-0.12,-0.14,-0.13,-0.43,-0.21
AHC,0.01,0.44,-0.05,-0.1,0.09,-0.04
AOS,-0.02,-0.02,-0.05,-0.01,-0.0,-0.0
AAC,-0.02,0.0,0.02,-0.0,-0.13,-0.06
AIR,-0.03,0.03,0.01,0.02,-0.03,0.01
AAN,0.05,-0.01,-0.1,0.04,-0.04,-0.04
ABB,-0.02,-0.03,-0.05,-0.06,-0.05,-0.02
ABT,-0.07,0.07,-0.09,-0.19,-0.13,-0.13
ABBV,-0.09,-0.1,-0.04,-0.16,-0.24,-0.24
ANF,-0.1,-0.03,-0.07,-0.08,-0.05,-0.06
ABM,-0.01,-0.01,-0.01,-0.0,-0.03,-0.03
AKR,-0.06,-0.22,-0.21,-0.24,-0.25,-0.25
ACN,-0.02,-0.03,-0.01,-0.04,-0.05,-0.04
ACCO,-0.05,-0.06,-0.04,-0.04,-0.05,-0.05
ATV,-0.23,0.02,-0.38,0.68,1.05,1.76
ATU,0.03,-0.09,-0.19,-0.14,-0.11,-0.12
AYI,-0.02,-0.02,-0.02,0.0,-0.0,0.0
GOLF,-0.04,-0.02,-0.06,-0.04,0.08,0.08
AGRO,-0.21,-0.18,-0.19,-0.25,-0.23,-0.29
ADNT,-0.02,0.0,-0.03,0.01,-0.14,-0.12
ADT,-0.17,-0.2,-0.39,-0.29,-0.52,-0.52
AAP,-0.02,-0.02,-0.0,-0.01,-0.04,-0.04
ADSW,-0.19,-0.2,-0.19,-0.18,-0.19,-0.19
WMS,-0.05,-0.06,-0.09,-0.06,-0.06,-0.06
ASIX,-0.06,-0.03,-0.07,0.01,-0.07,-0.07
AED,-0.07,-0.02,-0.06,-0.1,-0.07,-0.07
AER,-0.38,-0.39,-0.45,-0.41,-0.35
HIVE,-0.16,-0.27,-0.13,-0.21,-0.2,-0.2
AJRD,-0.13,-0.05,-0.08,-0.12,-0.06,-0.06
AMG,-0.37,-0.28,-0.25,-0.21,-0.38,-0.38
MITT,-0.38,-0.38,-0.38,-0.38,38.0,38.0
AGCO,-0.0,-0.03,-0.03,-0.05,-0.03,-0.03
A,-0.03,-0.02,-0.08,-0.05,-0.16,0.01
ADC,-0.31,-0.09,-0.18,-0.21,-0.24,-0.24
AL,-0.49,-0.48,-0.45,-0.2,-0.44,-0.44
APD,-0.11,-0.12,-0.21,0.17,-0.12,-0.11
AYR,-0.44,-0.49,-0.41,-0.43,-0.31,-0.31
AKS,0.03,-0.11,-0.05,-0.03,-0.06
ALG,0.01,-0.01,-0.04,-0.03,0.06,0.06
AGI,-0.17,-0.21,-1.6,-0.32,-0.25,-0.34
ALK,-0.08,-0.13,-0.1,-0.07,-0.14
AIN,-0.06,-0.05,-0.03,-0.04,-0.05,-0.05
ALB,-0.15,-0.01,-0.03,-0.08,0.04,0.04
ALEX,0.04,-0.17,-0.31,0.54,-0.59,-0.59
ALX,0.09,-0.14,-0.2,-0.18,-0.18,-0.18
ARE,-0.32,-0.24,-0.51,-0.25,-0.14,-0.14
AQN,-0.12,-0.14,-0.14,-0.13,-0.21,-0.21
BABA,-0.06,-0.22,0.14,-0.23,-0.24,-0.22
ATI,-0.01,-0.14,-0.19,-0.03,-0.04,-0.04
ALLE,-0.04,-0.05,-0.07,-0.03,-0.01,-0.01
ALE,-0.13,-0.13,-0.13,-0.16,-0.17,-0.17
ADS,-0.16,-0.17,-0.22,-0.24,-0.23,-0.23
AB,-0.23,-0.23,-0.23,0.02,-0.14,-0.14
ALSN,-0.15,-0.2,-0.2,-0.07,-0.07,-0.07
ALLY,-0.32,-0.52,-0.49,-0.46,-0.43,-0.43
AYX,-0.45,-0.24,-0.21,-0.27,0.01,0.01
ATUS,0.01,0.01,-0.34,-0.05,-0.26,-0.26
MO,0.02,-0.02,0.41,0.21,-0.06,-0.06
ACH,-0.04,-0.21,-0.06,-0.08,-0.07,-0.07
AMBR,-0.31,-0.22,-0.26,-0.15,-0.21,-0.21
AMC,-0.09,-0.12,-0.1,-0.21,-0.08,-0.08
AEE,-0.16,-0.23,-0.24,-0.26,-0.2
AMRC,0.02,0.08,0.11,0.24,0.12,0.12
AMOV,-0.14,-0.23,-0.14,-0.23,-0.18,-0.17
AMX,-0.15,-0.14,-0.23,-0.14,-0.23,-0.19
AAT,-0.31,-0.32,-0.26,-0.31,-0.37,-0.37
AXL,-0.05,-0.04,-0.04,-0.05,-0.11,-0.11
ACC,-0.27,-0.19,-0.26,-0.32,-0.3,-0.3
AEO,-0.08,-0.03,-0.04,-0.05,-0.05,-0.05
AEP,-0.18,-0.17,-0.24,-0.15,-0.2,-0.2
AXP,-0.15,-0.23,-0.11,-0.44,-0.07,-0.07
AMH,-0.35,-0.52,-0.42,-0.31,-0.32,-0.32
AMID,-0.17,-0.71,-0.71,-0.21,-0.37,-0.29
ARL,0.92,0.87,0.32,-0.17,0.19
ARA,-0.23,-0.18,-0.18,-0.23,-0.17,-0.17
AWR,-0.15,-0.22,-0.08,-0.08,-0.17,-0.17
AMT,-0.32,-0.31,-0.3,-0.25,-0.34,-0.34
AWK,-0.22,-0.22,-0.24,-0.3,-0.24,-0.24
COLD,-0.11,-0.09,-0.08,-0.11,-0.09,-0.09
APU,-0.05,-0.11,-0.09,-0.08,-0.08,-0.1
AMP,-0.06,-0.08,-0.06,-0.02,0.03
ABC,-0.01,-0.03,-0.01,-0.01,0.0,-0.0
ANFI,0.05,0.05,0.06,0.03,-0.12,-0.12
AMN,0.0,0.02,-0.01,0.01,-0.04,-0.04
AP,-0.09,-0.08,-0.08,-0.22,0.01,-0.01
APH,-0.03,-0.05,-0.04,-0.07,0.01,0.01
AXR,0.05,0.02,-0.33,-0.25,-0.03,0.07
AME,-0.04,-0.02,-0.06,-0.04,-0.01
APC,-0.62,-0.5,-0.7,-0.4,-0.4,-0.4
ANDX,-0.14,-0.17,-0.13,-0.11,-0.17,-0.17
AU,-0.63,-0.24,-0.3,-0.27,-0.27,-0.27
BUD,0.01,-0.1,-0.13,-0.19,-0.13,-0.13
AXE,0.01,0.01,-0.02,-0.01,0.0,0.0
NLY,11.1,5.29,-3.37,-2.98,-6.67,-6.67
AM,-0.15,1.0,-0.24,-0.3,-0.12,-0.12
AR,-0.18,-0.05,-1.18,-0.5,-0.68,-0.68
ANH,-1.22,-1.76,-1.55,-0.55
AON,-0.02,-0.05,-0.08,0.05,-0.05,-0.05
APA,-1.01,-4.09,-0.71,-0.19,-0.51,-0.51
AIV,-0.01,-0.11,0.06,-0.07,0.29,0.29
ARI,0.18,0.14,0.25,0.17,-0.17,-0.17
APO,0.35,-0.43,-0.11,-0.07,-0.75,-0.75
APLE,-0.16
ATR,-0.05,-0.05,-0.05,-0.04,-0.04,-0.04
APTV,-0.05,-0.02,-0.04,-0.01,-0.04,-0.04
WTR,-0.17,-0.21,-0.2,-0.17,-0.21,-0.21
AQ,-0.17,-0.17,-0.14,-0.17
WAAS,-0.27,-0.52,-0.3,-0.35,-0.33,-0.33
ARMK,-0.02,-0.03,-0.04,-0.05,-0.03,-0.04
ABR,0.34,0.17,1.54,-1.51,0.47,0.47
MT,-0.06,-0.16,-0.02,0.0,0.01,0.01
ARCH,-0.18,-1.12,0.72,-0.07,-0.04,-0.04
ADM,-0.03,-0.01,-0.0,-0.01,-0.01
ARNC,-0.11,-0.15,-0.15,-0.06,0.03,0.03
ARCO,-0.04,-0.08,-0.05,-0.03,-0.04,-0.03
RCUS,-0.03,-0.03,-0.03,-28.0,-0.88,-0.88
ARD,-0.18,-0.14,-0.08,-0.1,-0.1,-0.1
ASC,-0.15,-0.04,-0.24,-0.15,-0.25,-0.25
AFC,0.12,-0.22,-0.08,0.01,0.0,-0.04
ACRE,2.49,-1.54,0.38,-0.01,-0.01,-0.01
ARES,-2.48,0.67,0.62,1.37,1.64,1.64
AGX,-0.26,-0.16,0.17,-0.28,0.16,0.37
ANET,-0.05,-0.1,0.05,-0.13,-0.08,-0.08
AI,-0.88,10.65,-18.57,-0.93,2.0,2.0
AHH,-0.14,-0.05,-0.12,-0.12,-0.2,-0.2
ARR,-1.1,-0.74,0.59,0.28,-0.64,-0.64
AFI,-0.04,-0.0,-0.04,-0.09,-0.31,-0.31
AWI,-0.06,-0.05,0.05,-0.02,-0.02,-0.02
ARW,-0.01,-0.01,0.01,0.01,0.02
AJG,-0.02,-0.05,-0.04,-0.06,-0.02
APAM,-0.4,-0.3,-0.27,-0.19,-0.21,-0.21
ABG,0.0,0.0,0.0,-0.02,0.02,0.02
ASX,-0.12,-0.09,-0.13,-0.11,-0.08,-0.06
ASGN,-0.01,-0.01,-0.04,-0.01,-0.04,-0.04
AHT,-0.18,0.05,-0.15,-0.19,-0.22,-0.22
ASH,-0.07,-0.0,-0.14,-0.11,-0.05,-0.05
ASPN,-0.72,-0.09,-0.09,-0.12,-0.24,-0.24
AZN,-0.22,-0.02,-0.03,-0.03,-0.02,-0.02
HOME,-0.14,-0.03,-0.02,-0.02,-0.08,-0.06
T,-0.19,-0.15,-0.16,-0.06,-0.14,-0.14
ATTO,-0.04,-0.08,0.01,-0.08,-0.07,-0.05
ATKR,-0.09,-0.08,-0.06,-0.02,-0.0,-0.0
AT,-0.41,-0.34,-0.57,-0.61,-0.36,-0.36
ATO,-0.09,-0.13,-0.13,-0.17,-0.17,-0.22
AUO,-0.11,-0.12,-0.15,-0.08,-0.12,-0.08
ATHM,-0.11,-0.13,-0.14,-0.07,-0.08,-0.02
ALV,-0.03,-0.03,-0.03,-0.05,-0.05,-0.05
AZO,-0.03,-0.04,-0.03,-0.03,-0.07,-0.05
AVB,-0.12,-0.17,-0.05,-0.18,-0.14
AGR,-0.18,-0.25,-0.15,-0.23,-0.18,-0.18
AVYA,-0.11,-0.07,-0.09,-0.23,-0.14,2.26
AVY,-0.02,-0.03,-0.04,-0.06,0.0,0.0
AVH,-0.06,-0.03,-0.12,-0.13,-0.15
AVA,-0.05,-0.17,-0.15,-0.2,-0.16,-0.16
AVP,-0.08,-0.2,-0.03,-0.04,-0.02,-0.02
AVX,0.14,0.02,-0.05,-0.05,-0.12,0.0
AXTA,-0.05,-0.07,-0.13,-0.11,-0.06,-0.06
AZUL,-0.11,-0.06,-0.11,-0.02,0.03,0.08
AZRE,-0.82,-0.81,-0.91,-0.27,-0.35,-0.24
BGS,-0.07,-0.06,-0.13,0.11,0.08
BW,0.09,0.0,-0.09,-0.07,-0.12,-0.25
BHGE,-0.25,-0.25,-0.05,-0.05,-0.05,0.04
BLL,-0.06,-0.09,0.01,-0.1,-0.11
BK,-0.13,-0.07,-0.18,-0.04,-0.11,-0.11
BNED,-0.02,0.0,-0.05,-0.03,-0.14,-0.03
BKS,-0.06,-0.0,-0.03,-0.03,-0.04,-0.02
B,-0.05,-0.07,-0.07,-0.1,-0.05,-0.05
BAS,-0.16,-0.42,0.05,-0.14,-0.23,-0.23
BAX,-0.04,-0.07,0.33,-0.11,-0.04,-0.04
BTE,-0.56,-1.49,-0.94,-0.22,-0.57,-0.57
BBX,-0.15,0.18,-0.09,0.02,-0.08,-0.08
BCE,-0.18,-0.17,-0.17,-0.2,-0.19,-0.19
BZH,0.13,0.26,-0.09,-0.03,-0.04,0.01
BDXA,-0.07,-0.1,-0.13,-0.12,-0.2
BDC,-0.05,-0.07,-0.08,-0.07,-0.05,-0.05
BMS,-0.01,-0.08,-0.05,-0.07,-0.06,-0.06
BHE,-0.02,-0.02,-0.09,-0.07,-0.02,-0.02
BERY,-0.09,-0.11,-0.1,-0.09,-0.06,-0.07
BBY,-0.01,-0.02,-0.01,-0.03,-0.03,-0.02
BHP,-0.17,-0.39,-0.55,-0.29,-0.34,-0.3
BBL,-0.17,-0.39,-0.55,-0.29,-0.34,-0.3
BIG,-0.01,-0.04,-0.04,-0.03,-0.01,-0.02
BIO,-0.05,-0.08,-0.04,-0.09,0.01,0.45
BITA,-0.06,0.03,0.43,-0.18,-0.29,-0.25
BKI,-0.15,-0.24,-0.27,-0.16,-0.24,-0.24
BSM,-0.44,-0.98,-0.6,-0.31,-0.15,-0.15
BB,-0.84,-0.33,-0.22,-0.75,-0.32,0.13
BLK,0.02,0.03,0.09,0.09,0.09,0.09
APRN,-0.18,-0.06,-0.04,-0.07,-0.07,-0.07
BXC,-0.0,-0.03,-0.01,0.04,-0.03,-0.03
BA,-0.04,-0.04,-0.06,-0.06,-0.05,-0.05
BCC,-0.01,-0.01,-0.03,-0.02,-0.03
BCEI,-0.55,-2.87,-1.1,0.18,0.18
BOOT,-0.02,0.0,-0.04,-0.04,-0.02,-0.03
BWA,-0.02,-0.03,-0.1,-0.08,-0.02,-0.02
SAM,-0.06,-0.07,-0.07,-0.04,-0.07,-0.07
BXP,-0.1,-0.09,-0.21,-0.17,-0.21,-0.21
BSX,-0.19,-0.11,-0.07,-0.15,0.14,0.14
BOX,-0.62,-0.38,-0.45,-0.38,-0.43,-0.38
BYD,-0.14,-0.13,0.07,-0.09,-0.12,-0.12
BPMP,-0.12,-0.01,-0.04,-0.07,-0.35,-0.35
BP,0.01,-0.08,-0.11,-0.06,-0.06,-0.05
BPT,-0.05
BRC,-0.11,-0.08,-0.05,-0.04,-0.04,-0.02
BDN,-0.3,-0.37,-0.25,-0.12,-0.17,-0.17
LND,-0.24,0.51,0.21,-0.21,0.33,0.34
BAK,-0.05,-0.06,-0.11,-0.11,-0.01
BRFS,-0.07,-0.1,-0.03,-0.07,-0.05,-0.12
BGG,-0.05,-0.05,-0.05,-0.02,-0.06,0.02
BFAM,-0.08,-0.05,-0.08,-0.05,-0.07,-0.07
BEDU,-0.07,-0.14,-0.23,-0.38,-0.22,-0.12
EAT,-0.07,-0.06,-0.06,-0.05,-0.05,-0.02
BCO,-0.06,-0.07,-0.04,-0.07,-0.11,-0.11
BMY,-0.07,-0.02,0.08,-0.21,-0.05,-0.05
BRS,-0.03,-0.09,-0.11,-0.13,-0.12,-0.19
BRX,-0.32,-0.27,-0.23,-0.2,-0.14,-0.14
BR,-0.05,-0.05,-0.04,-0.05,-0.06,-0.03
BKD,-0.1,-0.15,-0.15,-0.2,-0.16,-0.16
BAM,-0.01,0.03,-0.02,-0.06,-0.06,-0.02
BBU,-0.0,-0.05,-0.02,-0.03,-0.02,-0.02
BIP,-0.4,-0.28,-0.21,-0.19,-0.38,-0.38
BEP,-0.38,-0.36,-0.27,-0.36,-0.35,-0.35
BRO,-0.11,-0.1,-0.07,-0.02,-0.11,-0.11
BRT,-0.06,-0.12,0.22,0.01,-0.12,-0.11
BC,0.0,-0.02,-0.03,-0.06,-0.01,-0.01
BT,-0.15,-0.15,-0.14,-0.18,-0.12,-0.03
BPL,-0.05,-0.08,-0.06,-0.11,-0.2,-0.2
BKE,-0.01,-0.03,-0.01,-0.05,-0.03,-0.01
BBW,-0.06,-0.05,-0.01,-0.04,-0.04,-0.04
BURL,-0.06,-0.05,-0.03,-0.07,-0.04,-0.04
BWXT,-0.02,-0.14,-0.04,-0.04,0.03,0.03
PFH,1.33,1.0,-1.22,-1.5,-7.0,-7.0
CABO,-0.07,-0.19,-0.19,-0.09,-0.23,-0.23
CBT,-0.03,-0.29,-0.1,-0.04,-0.13,-0.04
COG,-0.43,-0.52,-0.63,-0.7,-0.45,-0.45
CACI,-0.02,-0.03,-0.03,-0.03,-0.01,-0.01
WHD,-0.01,-0.01,-0.11,-0.21,0.09,-0.21
CAE,-0.04,-0.03,-0.05,-0.08,-0.02,-0.07
CAI,-0.35,-0.48,-0.42,-0.24,-0.23,-0.23
CAL,-0.03,-0.01,-0.03,-0.05,-0.04,-0.03
CRC,-0.91,-1.65,0.08,-0.25,-0.04,-0.04
CWT,-0.12,-0.17,-0.18,-0.12,-0.16,-0.16
CALX,-0.15,-0.05,-0.11,-0.04,-0.05,-0.05
ELY,-0.02,-0.02,0.13,-0.07,0.01,0.01
CPE,-0.37,-2.37,-1.05,-0.3,-0.29,-0.29
CBM,-0.02,-0.06,-0.08,-0.09,0.01,0.01
CPT,-0.15,-0.19,0.43,-0.27,-0.36,-0.36
CCJ,-0.09,-0.12,-0.14,-0.15,-0.37,-0.48
CPB,-0.01,-0.06,-0.11,-0.05,-0.12,-0.17
CWH,0.0,0.03,-0.03,-0.01,0.01,-0.01
GOOS,-0.01,0.04,0.11,-0.04,-0.05,0.08
CNI,-0.1,-0.13,-0.13,-0.0,-0.11,-0.11
CNQ,-0.28,-0.21,-0.48,-0.33,-0.28,-0.27
CP,-0.1,-0.16,-0.08,0.03,-0.1,-0.1
CNNE,-0.1,-0.1,-0.02,-0.06,0.17,0.01
CAJ,-0.07,-0.09,-0.07,-0.1,-0.09,-0.03
CMD,-0.04,-0.02,-0.03,-0.05,-0.04,-0.03
COF,-0.22,-0.26,-0.32,-0.46,-0.25,-0.25
CSU,-0.18,-0.15,-0.18,-0.21,-0.2,-0.2
BXMT,0.08,0.11,0.0,-0.04,0.18
CMO,-0.96,-0.71,-1.11,-1.35,-1.52,-1.52
CRR,-0.08,-0.65,-0.6,-1.13,-0.25,-0.25
CAH,-0.01,-0.01,-0.01,0.0,-0.02,-0.01
CRCM,-0.48,-0.22,-0.05,-0.06,0.1,0.1
CSL,-0.01,-0.06,-0.08,-0.02,0.06,0.06
KMX,0.09,0.11,0.05,0.07,0.04,0.03
CCL,-0.14,-0.18,-0.14,-0.16,-0.13,-0.13
CUK,-0.14,-0.18,-0.14,-0.16,-0.13,-0.13
CRS,-0.05,-0.1,-0.14,-0.05,-0.01,-0.04
CSV,-0.09,-0.12,-0.12,-0.03,-0.14,-0.14
CARS,1.0,-0.05,-0.04,0.06,-0.19,-0.19
CRI,-0.03,-0.02,-0.03,-0.01,-0.02,-0.02
CVNA,0.36,0.13,0.4,0.16,0.18,0.18
CSLT,-0.67,-0.31,-0.22,-0.25,-0.13,-0.13
CTLT,-0.09,0.02,-0.02,-0.09,-0.09
CTT,-0.35,-0.52,-0.51,-0.45,-1.55,-1.55
CAT,-0.08,-0.1,-0.15,-0.11,-0.01,-0.01
CATO,-0.04,-0.06,-0.03,-0.03,-0.03,-0.04
CBZ,-0.02,-0.02,-0.04,-0.03,-0.05,-0.05
CBL,-0.23,-0.37,-0.29,-0.33,-0.53,-0.53
CBRE,-0.02,-0.01,0.01,-0.0,-0.0,-0.0
CBS,0.12,0.0,-0.03,-0.04,0.04,0.04
FUN,-0.2,-0.19,-0.14,-0.09,-0.17,-0.17
CDR,-0.15,-0.25,-0.32,-0.27,-0.36,-0.36
CE,-0.05,-0.1,0.0,0.01,-0.05,-0.05
CLS,-0.01,-0.02,-0.02,-0.01,-0.0,-0.0
CEL,-0.26,-0.26,-0.18,-0.16,-0.17,-0.22
CPAC,-0.03,-0.04,-0.05,-0.1,-0.13,-0.08
CX,-0.06,-0.09,-0.08,-0.1,-0.06,-0.07
CVE,-0.14,-0.06,-0.11,0.02,-0.23,-0.23
CNP,-0.09,-0.35,-0.2,0.04,-0.17,-0.17
EBR,-0.66,-0.38,-0.56,0.03,-0.1,-0.18
CEPU,0.26,0.08,0.05,-0.06,0.19,1.77
CCS,0.41,0.28,0.1,0.12,0.14,0.14
CTL,-0.24,-0.24,-0.23,-0.14,-0.37,-0.37
CF,-0.0,-0.12,-0.24,-0.31,-0.27,-0.27
GIB,-0.03,-0.03,-0.02,-0.03,-0.03,-0.03
ECOM,-0.15,-0.2,-0.18,-0.11,-0.07,-0.07
CRL,-0.1,-0.1,-0.09,-0.1,-0.09,-0.09
CLDT,0.09,-0.18,-0.19,-0.19,-0.17,-0.17
CMCM,-0.18,-0.17,-0.21,-0.1,0.15,0.14
CHE,-0.01,-0.04,-0.02,-0.04,-0.05,-0.05
CHMI,5.4,-0.92,-0.34,-0.24,0.11,0.33
CHK,-0.13,-1.25,-0.53,0.02,-0.11,-0.11
CHSP,-0.12,-0.14,-0.13,-0.11,-0.14
CPK,-0.09,-0.14,-0.12,-0.08,-0.13,-0.13
CVX,-0.06,-0.11,-0.12,-0.08,-0.1,-0.1
CHS,-0.07,-0.08,-0.07,-0.06,-0.03,-0.05
CIM,0.71,-0.46,-0.0,0.06,0.26,0.26
DL,-0.22,-0.12,-0.11,-0.18,-0.23,-0.21
CEA,-0.09,-0.1,-0.21,-0.21,-0.17
CHL,-0.18,-0.16,-0.16,-0.19,-0.2,-0.19
BORN,0.15,0.0,0.02,-0.05,0.02,-0.01
COE,-0.91,-1.67,-1.44,-1.3,-0.75,-0.44
SNP,-0.03,-0.04,-0.07,-0.09,-0.06,-0.05
XRF,-0.05,-0.05,0.13,-0.22,-0.11,0.0
ZNH,-0.08,-0.11,-0.18,-0.16,-0.09,-0.09
CHA,-0.22,-0.24,-0.27,-0.24,-0.21,-0.22
CHU,-0.23,-0.27,-0.27,-0.27,-0.3,-0.29
CYD,0.01,0.01,-0.1,-0.13,-0.03,-0.03
CMG,-0.06,-0.05,-0.08,-0.07,-0.09,-0.09
CHH,-0.08,-0.04,-0.01,-0.14,-0.03,-0.03
CHT,-0.15,-0.15,-0.15,-0.11,-0.14,-0.16
CHD,-0.04,-0.06,-0.06,0.02,-0.01
CIEN,-0.06,-0.1,-0.08,0.37,-0.19,-0.01
XEC,-0.46,-2.13,-0.82,-0.31,-0.32,-0.32
CBB,-0.11,-0.08,0.21,-0.06,-0.13,-0.13
CNK,-0.1,-0.08,-0.07,-0.09,-0.11,-0.11
CINR,-0.13,-0.2,-0.18,-0.25,-0.23,-0.23
CIR,-0.02,-0.03,-0.08,0.0,-0.08,-0.08
CISN,-0.08,-0.08,-0.08,-0.3,-0.21,-0.21
CIO,-0.35,-0.38,-0.28,-0.29,0.01
CVEO,-0.51,-0.61,-0.4,-0.43,-0.29,-0.29
CLH,-0.1,-0.11,-0.11,-0.06,-0.09,-0.09
CCO,-0.12,-0.14,-0.06,-0.3,-0.15,-0.15
CLW,-0.02,-0.07,-0.06,-0.07,-0.05,-0.01
CLF,-1.64,-0.39,-0.06,0.01,0.28,0.28
CLPR,0.28,-0.04,-0.2,-0.14,-0.12,-0.12
CLX,-0.04,-0.05,-0.02,-0.03,-0.05
CMS,-0.14,-0.17,-0.17,-0.19,-0.15,-0.15
CNHI,-0.02,0.0,-0.1,-0.09,-0.06,-0.06
CEO,-0.19,-0.18,-0.34,-0.48,-0.37,-0.34
CNXM,-0.22,-0.22,-0.22,-0.22,-0.22,-0.22
CEIX,-0.15,0.01,-0.25,-0.13,-0.18,-0.18
CNX,-0.21,-0.28,-0.65,-0.19,-0.36
KOF,-0.07,-0.09,-0.09,-0.13,-0.23,-0.24
KO,-0.08,-0.07,-0.05,-0.17,-0.04,-0.04
CDE,-1.9,-0.74,-0.11,-0.29,-0.1,-0.1
CNS,0.07,-0.08,-0.06,0.07,0.11,0.11
CFX,0.0,-0.03,-0.03,-0.02,-0.02,-0.02
CL,-0.06,-0.1,-0.05,-0.07,-0.04,-0.04
CLNC,-0.04,-0.04,0.14,0.13,0.12,0.12
CXP,-0.27,-0.31,-0.23,0.39,-0.3,-0.3
FIX,-0.01,-0.03,-0.02,-0.03,-0.02,-0.02
CMC,-0.0,-0.03,-0.12,-0.03,-0.0,0.04
CYH,-0.08,-0.04,-0.16,-0.21,-0.08,-0.08
CHCT,-0.08,-0.44,-0.48,-0.49,-0.41,-0.41
CIG,-0.03,-0.03,-0.03,-0.05,0.02,0.1
CBD,-0.07,-0.06,-0.06,0.02,-0.03,-0.02
SBS,-0.07,-0.13,-0.17,-0.0,-0.05,-0.13
ELP,-0.03,0.01,-0.01,-0.04,0.0,-0.02
CODI,0.21,0.1,-0.06,-0.04,-0.07,-0.07
CMP,-0.02,0.02,-0.0,-0.08,-0.08,-0.08
CRK,-0.52,-0.83,-4.27,-0.63,-1.12,-1.27
CAG,-0.07,-0.11,-0.16,-0.07,-0.02,-0.01
CXO,-0.43,-0.46,-1.74,-0.29,-0.07,-0.07
CCM,-0.18,-0.6,0.16,-0.4,-0.94,-1.47
CNDT,-0.11,-0.14,-0.17,-0.02,-0.13,-0.13
COP,-0.19,-0.41,-0.34,-0.27,-0.18,-0.18
CCR,-0.07,-0.15,-0.18,-0.08,-0.16,-0.16
ED,-0.13,-0.17,-0.18,-0.15,-0.11,-0.11
STZ,0.23,-0.04,-0.05,-0.02,0.05,0.08
CSTM,-0.04,-0.21,-0.02,-0.04,0.0
TCS,-0.06,-0.05,-0.05,-0.04,-0.05,-0.04
CBPX,-0.15,-0.16,-0.16,-0.09,-0.15
CLR,-0.5,-0.82,-0.77,-0.41,-0.52,-0.52
VLRS,0.02,0.02,-0.03,0.11,-0.06,-0.09
CTB,-0.03,-0.03,-0.02,-0.03,-0.04
CPS,-0.04,-0.05,-0.06,-0.05,-0.01,-0.01
CLB,-0.04,-0.13,-0.11,-0.06,-0.05,-0.05
CXW,-0.14,-0.1,-0.08,-0.09,-0.09,-0.09
CLGX,-0.18,-0.13,-0.16,-0.13,-0.13,-0.13
CORR,-0.26,-0.5,-0.27,-0.27,-0.06,-0.06
COR,-0.28,-0.32,-0.28,-0.28,-0.33,-0.33
GLW,-0.23,-0.16,0.13,-0.25,-0.08
CAAP,-0.08,-0.08,0.09,-0.1,0.07,-0.03
GYC,0.97,0.4,0.6,0.82,0.72,0.72
OFC,-0.26,-0.04,-0.39,-0.26,-0.18,-0.18
CZZ,-0.06,-0.1,-0.23,-0.27,-0.26,-0.3
CMRE,-0.26,-0.21,-0.31,-0.29,-0.19,-0.19
COT,-0.02,-0.08,-0.11,-0.12,0.1,0.1
COTY,-0.06,-0.14,-0.07,-0.08,-0.15,-0.09
CUZ,-0.25,-0.07,-0.12,0.01,-0.32,-0.32
CVA,-0.2,-0.11,-0.17,-0.11,-0.05,-0.05
CPL,-0.11,-0.04,-0.08,-0.2,-0.03,0.03
CR,-0.02,0.0,-0.07,-0.05,-0.02,-0.02
CPG,-0.56,-1.2,-1.12,-0.65,-1.31,-1.31
CEQP,-0.06,-0.8,-0.22,-0.12,-0.06,-0.06
CRH,-0.03,-0.06,-0.04,-0.02,0.02
CRT,0.06,0.0,0.0,0.14,0.22
CAPL,-0.01,-0.02,-0.04,-0.03,-0.04,-0.04
CCI,-0.35,-0.07,-0.36,-0.37,-0.25
CCK,-0.06,-0.06,-0.05,-0.05,-0.01,-0.01
CRY,-0.01,-0.05,-0.05,-0.04,-0.05,-0.05
CSS,-0.03,-0.05,0.01,0.04,-0.19,-0.19
CUBE,-0.37,-0.31,-0.35,-0.28,-0.23,-0.23
CUB,-0.03,-0.05,-0.03,-0.02,-0.01,0.02
CULP,-0.01,-0.04,-0.03,-0.04,-0.02,0.02
CMI,-0.03,-0.03,-0.03,-0.06,-0.01,-0.01
CURO,-0.01,-0.01,0.0,0.02,0.04,0.09
CW,-0.1,-0.01,-0.11,-0.08,-0.02,-0.02
CVI,-0.05,-0.07,-0.05,0.01,-0.05,-0.05
UAN,-0.14,-0.06,-0.2,-0.25,-0.23,-0.23
CELP,0.05,-0.13,-0.06,-0.1,-0.03,-0.01
DHI,0.15,0.0,0.02,0.04,0.06,0.08
DAN,-0.03,-0.04,0.04,-0.06,-0.02,-0.02
DHR,-0.06,-0.02,-0.06,-0.05,-0.07,-0.07
DAC,-0.36,-0.27,-1.26,-0.21,-0.43,-0.43
DQ,-0.5,-0.16,-0.29,-0.24,-0.14,-0.13
DRI,-0.02,0.04,-0.06,-0.06,-0.05,-0.05
DAR,-0.05,-0.1,-0.09,-0.08,-0.09,-0.09
DVA,-0.06,-0.09,-0.07,-0.11,-0.14,-0.14
DCP,-0.03,-0.22,-0.18,-0.08,-0.04,-0.04
DECK,-0.07,-0.0,-0.0,-0.11,-0.11,-0.05
DE,-0.01,-0.06,-0.08,-0.0,0.01,0.05
DKL,-0.02,-0.0,-0.08,-0.04,-0.09,-0.09
DK,0.0,-0.01,-0.03,-0.1,-0.01,-0.01
DLPH,-0.05,-0.04,-0.03,-0.02,-0.01,-0.01
DAL,-0.11,-0.08,-0.07,-0.04,-0.07,-0.07
DLX,-0.05,-0.05,-0.05,-0.05,-0.09,-0.09
DNR,-0.24,-4.22,-1.24,-0.09,-0.14,-0.14
DESP,-0.14,-0.14,-0.14,0.15,-0.04,0.03
DVN,-0.22,-1.51,-0.49,-0.14,0.02
DHT,-0.32,-0.12,-0.21,-0.52,-0.27,-0.3
DEO,0.04,-0.02,-0.03,-0.04,-0.01,-0.04
DO,-0.22,-0.42,-0.64,-0.32,-0.38,-0.38
DRH,-0.02,-0.15,-0.11,-0.13,-0.15,-0.15
DSX,-0.31,-0.56,-1.25,-3.3,-0.28,-0.28
DKS,-0.01,-0.04,-0.04,-0.06,-0.05,-0.05
DBD,-0.02,0.02,-0.02,-0.06,-0.1,-0.1
DLR,-0.28,-0.28,-0.23,-0.32,-0.35,-0.35
DDS,-0.03,-0.04,-0.03,-0.05,-0.01,-0.01
DIN,-0.13,-0.05,-0.03,-0.66,-0.08,-0.08
DFS,-0.18,-0.18,-0.22,-0.31,-0.23,-0.23
DLB,-0.16,-0.13,-0.17,-0.16,-0.2,-0.1
DG,-0.01,-0.01,-0.01,-0.02,-0.01,-0.01
D,-0.17,-0.22,-0.17,-0.12,-0.17,-0.17
DCUD,-0.17,-0.22,-0.17,-0.12,-0.17,-0.17
DPZ,-0.01,-0.04,-0.03,-0.02,-0.01,-0.01
UFS,-0.04,-0.06,-0.07,-0.14,-0.05,-0.05
DCI,-0.02,-0.0,-0.04,-0.03,-0.03,0.0
LPG,-0.13,-0.01,-0.07,-0.32,-0.48,-0.31
PLOW,-0.05,-0.03,-0.07,-0.02,-0.03,-0.03
DEI,-0.34,-0.33,-0.34,-0.38,-0.36,-0.36
DOV,-0.03,0.01,-0.05,-0.0,0.0
DVD,-0.09,-0.04,-0.07,0.04,0.0,0.0
DWDP,-0.05,0.0,-0.02,-0.12,-0.01,-0.01
RDY,0.02,-0.02,-0.14,-0.07,-0.06,-0.07
DRD,-0.07,-0.1,-0.15,-0.02,-0.09,-0.07
DRQ,0.06,0.0,-0.29,-0.46,-0.37,-0.37
DS,0.15,-0.02,0.07,0.16,-0.11,-0.14
DTJ,0.05,0.05,0.02,-0.01,0.07,0.07
DTQ,0.42,-0.08,-0.09,-0.31,-0.21,-0.59
DTV,-0.08,-0.11,-0.11,-0.08,-0.11,-0.11
DTY,-0.06,-0.45,-0.12,-0.08,-0.05,-0.07
DCO,-0.04,-0.15,-0.03,-0.03,-0.06,-0.06
DUK,-0.2,-0.16,-0.2,-0.15,-0.18,-0.18
DRE,-0.17,0.25,-0.15,1.52,-0.11,-0.11
DXC,-0.07,-0.12,-0.08,-0.14,-0.06,-0.03
DY,-0.02,-0.03,-0.05,-0.03,-0.02,-0.02
DLNG,0.02,-0.23,-0.23,-0.22,-0.36,-0.36
DX,-4.25,-6.06,-2.9,-3.4,-7.25,-7.25
ELF,-7.25,-0.11,0.01,0.08,-0.15,-0.15
EXP,-0.05,-0.04,-0.1,-0.11,-0.06,-0.09
ECCA,-0.09,-0.09,-0.09,1.71,0.18,0.18
ECCB,0.18,0.18,0.18,1.71,0.18,0.18
ESTE,-2.19,-2.23,-1.36,-0.59,-0.36,-0.36
DEA,4.0,-0.45,-0.42,-0.34,-0.35,-0.35
EGP,-0.38,-0.31,-0.35,-0.17,-0.26,-0.26
EMN,-0.07,-0.08,-0.06,-0.03,-0.05,-0.05
KODK,0.0,0.01,0.02,0.11,0.13
ETN,-0.0,-0.02,-0.03,0.02,-0.02,-0.02
EV,0.14,0.01,-0.07,0.14,0.15,0.1
ECL,-0.04,-0.07,-0.05,-0.04,-0.06,-0.06
EC,-0.06,-0.15,-0.34,-0.24,-0.18,-0.17
EIX,-0.12,-0.3,-0.16,-0.25,-0.28,-0.28
EE,-0.17,-0.19,-0.15,-0.21,-0.22,-0.22
EGO,-0.9,-0.17,-2.04,-1.06,-0.1,-0.54
ELVT,-0.4,-0.41,-0.34,-0.47,-0.47,-0.47
LLY,-0.1,-0.02,-0.1,-0.25,-0.09,-0.09
EFC,4.31,7.89,-6.7,-1.34,9.94,10.46
EARN,-0.23,-5.0,-0.47,-3.06,5.0,5.0
ERJ,-0.04,-0.02,-0.13,0.03,-0.09,-0.32
EME,-0.01,-0.01,-0.01,-0.02,0.0,0.0
EEX,-0.3,-0.22,-0.22,-0.08,-0.34,-0.34
EMES,-0.03,0.0,-0.08,-0.2,-0.01,-0.13
EBS,-0.17,0.04,-0.0,-0.22,0.03,0.03
EMR,-0.06,0.01,-0.09,-0.03,-0.04,-0.03
ESRT,-0.18,-0.26,-0.25,-0.18,-0.29,-0.29
EDN,-0.24,-0.65,-0.55,-0.31,-0.11,-0.15
ENBL,-0.07,-0.61,-0.18,-0.14,-0.12,-0.12
ENB,-0.03,-0.13,-0.09,-0.08,-0.08
EHC,-0.09,-0.1,-0.1,-0.1,-0.11,-0.11
EXK,-0.58,-0.99,-0.12,-0.04,-0.26,-0.26
ENR,-0.11,-0.03,-0.1,-0.04,0.0,-0.05
EPC,-0.05,-0.18,0.0,-0.13,-0.07,-0.07
ERF,-0.32,-2.25,0.12,-0.26,-0.22,-0.22
ENS,-0.02,-0.01,-0.07,-0.04,-0.04,-0.02
E,-0.05,-0.13,-0.31,-0.16,-0.1,-0.09
ENLC,-0.11,-0.22,-0.26,-0.08,-0.11,-0.11
EBF,-0.04,-0.19,-0.09,-0.16,-0.03,-0.03
ENVA,-0.48,-0.41,-0.4,-0.52,-0.56,-0.56
NPO,-0.01,-0.09,-0.09,0.38,-0.13,-0.13
ESV,-1.31,-0.81,-0.07,-0.31,-0.34,-0.34
ETM,-0.1,-0.09,-0.07,0.35,-0.32,-0.32
EAE,-0.22,-0.23,-0.3,-0.33,-0.2,-0.2
ETR,-0.23,-0.3,-0.33,-0.2,-0.14,-0.14
ELC,-0.06,-0.06,-0.05,-0.08,-0.06,-0.08
ELJ,-0.16,-0.15,-0.01,-0.06,-0.02,-0.09
ENJ,-0.12,-0.13,-0.06,-0.12,-0.12
ENO,-0.07,-0.23,-0.2,-0.08,-0.04,-0.04
EPD,-0.03,-0.05,-0.07,-0.06,-0.05,-0.05
EVC,0.45,-0.11,-0.14,-0.14,-0.24,-0.04
EVA,-0.1,-0.1,-0.08,-0.13,-0.12
ENZ,-0.08,0.02,-0.08,-0.03,-0.07,-0.05
EOG,-0.46,-1.27,-0.63,-0.21,-0.36,-0.36
EPE,-0.3,-0.22,-4.09,-0.97,-0.56,-0.6
EPAM,-0.05,0.01,-0.06,-0.08,0.02
EPR,-0.18,-0.2,-0.16,-0.22,-0.31,-0.31
EQT,-0.42,-0.58,-0.82,-0.04,-1.1,-1.1
EFX,-0.1,-0.12,-0.1,-0.07,-0.11,-0.11
EQC,-0.2,-0.11,0.14,-0.21,0.93,0.93
ELS,-0.21,-0.27,-0.21,-0.2,-0.2
EQR,-0.27,-0.18,1.31,-0.27,-0.27,-0.27
EQS,-0.27,2.0,2.0,25.0,-12.0,-12.0
ERA,-0.18,-0.12,-0.27,-0.21,-0.18,-0.18
EROS,-0.44,-0.27,-0.84,-0.38,-0.41,-0.32
ESE,-0.08,-0.04,-0.05,-0.02,-0.0,-0.01
ESNT,-0.28,-0.19,-0.11,0.02,-0.22,-0.22
ESS,-0.38,-0.32,-0.23,-0.24,-0.31,-0.31
EL,-0.03,-0.08,-0.06,-0.05,-0.11,-0.05
ETH,-0.02,-0.02,-0.0,-0.06,-0.01,-0.03
EURN,-0.29,-0.13,-0.12,-0.34,-0.41,-0.2
EVRI,-0.02,-0.28,-0.44,-0.15,-0.18
ES,-0.11,-0.07,-0.16,0.05,-0.09,-0.09
EVTC,-0.2,-0.21,-0.24,-0.22,-0.19,-0.19
EVH,-0.4,3.61,-0.49,-0.08,-0.05,-0.05
AQUA,-0.05,-0.12,-0.02,-0.02,-0.06,-0.06
EXPR,-0.04,-0.04,-0.05,-0.06,-0.05,-0.02
EXTN,0.0,-0.04,-0.48,-0.09,-0.1,-0.1
EXR,-0.25,-0.23,-0.17,-0.11,-0.22,-0.22
XOM,-0.03,-0.05,-0.07,-0.04,-0.05,-0.05
FN,0.04,-0.01,0.02,0.02,-0.04,-0.05
FICO,-0.1,-0.05,-0.09,-0.11,-0.08,-0.09
SFUN,-0.16,-0.17,0.06,0.17,-0.33,-0.28
FPI,0.0,-0.75,-0.5,-0.03,0.15,-0.14
AGM,-1.03,-0.79,-0.82,-0.52,-0.49,-0.49
FRT,-0.26,-0.2,-0.21,-0.2,-0.24
FSS,-0.01,-0.04,0.03,-0.01,0.0,0.0
FII,-0.05,-0.07,-0.04,0.02,0.01,0.01
FDX,-0.05,-0.09,-0.08,-0.03,-0.0,-0.01
RACE,-0.06,-0.15,-0.2,-0.04,-0.04,-0.04
FGP,-0.04,-0.09,-0.42,-0.09,-0.16,-0.15
FOE,0.02,0.01,-0.07,-0.02,-0.06,-0.06
FCAU,-0.08,-0.09,-0.08,-0.06,-0.06,-0.06
FIS,-0.08,-0.08,-0.15,-0.05,-0.14,-0.14
FDC,-0.13,-0.2,-0.15,-0.05,-0.11
FR,-0.26,-0.26,-0.24,-0.14,0.03,0.02
AG,-0.62,-0.57,-0.66,-0.3,-0.47,-0.44
FE,-0.16,-0.19,-0.66,-0.39,-0.22
FIT,0.15,0.04,-0.1,-0.21,-0.2,-0.2
FPH,-0.2,-0.2,-0.2,1.06,2.36,0.31
FLT,-0.2,-0.23,-0.14,0.03,-0.04,-0.04
FND,-0.05,0.01,-0.04,-0.0,-0.04,-0.04
FTK,0.01,-0.12,-0.19,-0.14,-0.28,-0.28
FLS,-0.01,-0.03,-0.02,-0.08,-0.02,-0.02
FLR,-0.01,-0.02,-0.02,-0.02,0.0,0.0
FLY,-0.42,-0.45,-0.57,-0.51,-0.39,-0.39
FMC,-0.02,0.26,-0.09,0.07,0.03,0.03
FMX,-0.05,-0.08,-0.06,-0.07,0.0,-0.05
F,-0.02,-0.08,-0.06,-0.1,-0.07,-0.07
FELP,-0.09,-0.24,-0.46,-0.18,-0.18
FOR,-0.29,-0.95,-0.04,0.58,4.44,4.44
FTS,-0.11,-0.13,-0.18,-0.21,-0.17,-0.17
FTV,-0.01,-0.02,-0.04,-0.02,0.24,0.24
FTAI,0.69,-0.26,-0.34,-0.31,-0.34,-0.34
FSM,-0.47,-0.25,-0.43,-0.17,-0.01,-0.1
FBHS,-0.02,-0.02,-0.05,-0.02,-0.04,-0.04
FET,-0.06,-0.26,-0.25,-0.02,-0.35,-0.35
FBM,0.0,-0.09,-0.04,0.0,-0.04,-0.04
FCPT,-0.06,-0.48,0.69,-0.06,0.01,0.01
FEDU,0.01,0.01,-0.34,-0.5,-0.17,-0.22
FNV,-0.59,-0.36,-0.52,-0.57,-0.44,-0.43
FC,0.0,-0.07,-0.13,-0.13,-0.11,-0.13
FI,-0.18,-0.36,-0.25,-0.4,-0.11,-0.11
FCX,-0.32,-0.97,-0.54,-0.17,-0.07,-0.07
FMS,-0.05,-0.06,-0.05,-0.05,-0.0,-0.0
FDP,-0.02,-0.04,-0.03,-0.02,-0.06,-0.06
RESI,0.86,0.69,-2.02,-1.46,-0.52,-0.52
FRO,-0.3,-0.39,-0.11,-0.22,-0.59,-0.42
FCN,-0.04,-0.04,-0.08,-0.02,-0.04,-0.04
FTSI,-0.77,-0.15,0.01,-0.08,-0.08
FF,0.03,0.0,0.02,-0.14,-0.05,-0.05
GBL,0.1,-0.23,0.0,-0.14,-0.0,-0.0
GPS,-0.03,-0.05,-0.04,-0.07,-0.03,-0.02
GDI,-0.11,-0.25,-0.1,-0.08,-0.07,-0.07
IT,-0.08,-0.08,-0.07,-0.08,-0.09,-0.09
GLOG,-0.32,-0.36,-0.6,-0.4,-0.38,-0.38
GLOP,-0.53,-0.24,-0.29,-0.28,-0.23,-0.23
GTES,-0.07,-0.09,-0.11,-0.05,-0.02,-0.02
GATX,-0.17,-0.23,-0.26,0.0,-0.22,-0.22
GMTA,0.08,0.02,-0.02,-0.0,-0.07,-0.05
GCP,-0.02,-0.08,-0.04,0.55,0.06,0.06
GNK,-0.9,-1.24,-0.41,-0.27,-0.27
GNRC,-0.05,-0.08,-0.11,-0.06,-0.0,-0.0
GD,-0.04,0.01,0.02,-0.03,0.01,0.01
GE,-0.08,-0.22,0.07,-0.13,-0.08
GIS,-0.04,-0.07,-0.06,-0.04,-0.05,-0.04
GM,-0.04,-0.02,-0.04,-0.15,-0.05,-0.05
GCO,-0.02,-0.03,-0.02,-0.02,-0.1,-0.06
GWR,-0.14,-0.12,-0.13,0.03,-0.13,-0.13
GEL,-0.05,0.06,-0.11,-0.13,-0.14,-0.14
GEN,-0.07,-0.03,-0.08,-0.02,-0.13,-0.13
GNE,-0.03,-0.03,-0.02,-0.19,-0.06,-0.05
G,-0.04,-0.04,-0.03,-0.04,-0.02,-0.02
GPC,-0.01,-0.03,-0.02,-0.01,-0.02,-0.02
GEO,-0.03,-0.0,0.08,-0.1,-0.06,-0.06
GTY,-0.06,-0.12,0.01,-0.08,-0.11,-0.11
GIL,0.04,0.01,-0.07,-0.09,-0.06,-0.06
GLT,-0.02,-0.04,-0.06,-0.06,-0.2,-0.2
GKOS,-0.11,-0.49,-0.06,-0.16,-0.18,-0.18
GSK,-0.11,0.24,-0.2,-0.18,-0.16,-0.16
BRSS,-0.02,-0.04,-0.05,0.0,-0.04,-0.04
CO,-0.71,-0.77,-0.74,-0.67,-0.62,-0.55
GMRE,-0.55,-1.0,-0.38,-0.4,-0.23,-0.23
GNL,-0.47,-0.51,-0.31,-0.41,-0.48,-0.48
GLP,-0.01,-0.01,-0.0,-0.01,-0.03,-0.03
GPN,0.02,-0.05,-0.11,-0.01,-0.19,-0.19
GSL,-0.29,-0.4,-0.55,-0.81,-0.83,-0.95
GLOB,0.08,0.06,0.15,0.02,-0.03,-0.03
GMED,0.03,-0.02,-0.12,-0.08,-0.04,-0.04
GMS,-0.04,-0.04,-0.02,-0.01,-0.01,-0.03
GNC,-0.02,-0.05,-0.19,-0.15,-0.06
GDDY,-0.23,-0.21,-0.22,-0.15,-0.18,-0.18
GOL,-0.22,-0.39,0.09,-0.06,-0.28,-0.28
GFI,-0.09,-0.2,-0.27,-0.36,-0.27,-0.24
GSBD,4.59,1.56,0.65,0.85,1.36,1.36
GRC,0.02,-0.04,-0.07,-0.04,-0.0,-0.0
GPX,0.02,-0.01,-0.01,0.0,-0.03,0.0
GGG,-0.01,0.12,-0.17,-0.06,-0.02,-0.02
GHM,-0.05,0.07,-0.14,-0.08,-0.24,-0.09
GHC,0.26,-0.07,-0.04,0.01,-0.01,-0.01
GRAM,0.12,0.05,0.05,-0.13,-0.05,-0.02
GVA,-0.01,-0.0,-0.01,-0.03,-0.01,-0.01
GPMT,-0.01,-0.33,0.03,0.29,0.07,0.07
GPK,-0.1,-0.09,-0.1,-0.05,0.15
GTN,-0.17,-0.11,-0.18,0.09,-0.1,-0.1
AJX,0.67,1.11,0.71,0.69,0.69,0.69
AJXA,0.05,0.03,0.06,0.22,0.01
GDOT,-0.04,-0.17,-0.1,-0.15,-0.13,-0.13
GBX,-0.01,0.0,-0.06,-0.08,0.02,0.04
GEF,-0.04,-0.04,-0.07,-0.05,-0.01,-0.03
GFF,-0.05,-0.02,-0.04,-0.02,0.03
GPI,0.01,-0.01,-0.0,-0.02,0.0,0.0
PAC,-0.14,-0.22,-0.27,-0.21,-0.12,-0.14
ASR,-0.02,-0.07,-0.08,-0.09,-0.02,-0.19
TV,-0.22,-0.29,-0.23,-0.34,-0.22,-0.27
GTT,-0.06,-0.02,-0.11,-0.16,-0.21
GSH,-0.04,-0.09,-0.08,-0.03,-0.09,-0.09
GWRE,-0.17,-0.14,-0.2,-0.23,-0.24,-0.09
HRB,-0.11,-0.05,-0.05,-0.05,-0.07,-0.05
FUL,0.01,-0.06,-0.03,-0.04,-0.03,-0.03
HAE,-0.11,-0.12,-0.2,-0.21,-0.19,-0.16
HK,-0.31,-4.35,1.11,-0.09,-0.09
HAL,-0.02,-0.15,-0.26,-0.14,-0.06,-0.06
HBB,-0.06,-0.01,-0.05,-0.02,0.01,0.01
HASI,0.11,-0.19,-0.52,0.18,-0.12,-0.12
HOG,-0.05,-0.06,-0.08,-0.09,-0.12,-0.12
HMY,-0.22,-0.41,-0.19,-0.19,-0.39,-0.39
HRS,-0.06,-0.1,-0.08,-0.0,-0.01,0.0
HSC,-0.12,-0.07,-0.17,-0.11,-0.03,-0.03
HHS,-0.08,-0.0,-0.41,-0.36,-0.03,-0.05
HVT,-0.06,-0.03,-0.04,-0.04,-0.05,-0.05
HE,-0.04,-0.07,-0.1,-0.1,-0.1,-0.1
HCHC,-0.08,-0.0,-0.12,-0.03,-0.09,-0.09
HCA,-0.07,-0.07,-0.07,-0.07,-0.06,-0.06
HCP,-0.21,-0.99,-0.3,-0.25,0.12,0.12
HR,-0.25,-0.23,-0.16,-0.37,-0.31,-0.31
HTA,-0.33,-0.39,-0.34,-0.4,-0.18,-0.18
HEI,-0.06,-0.03,-0.07,-0.06,-0.04,-0.03
HLX,-0.15,-0.7,-0.25,-0.04,-0.23,-0.23
HP,-0.11,-0.32,-0.5,-0.27,-0.02,-0.25
HLF,-0.04,-0.06,-0.02,-0.09,-0.07,-0.07
HRI,-0.22,-0.23,-0.29,-0.1,-0.25,-0.25
HTGC,0.85,1.64,1.74,0.76,2.48,2.48
HT,-0.11,-0.17,0.06,-0.02,-0.21,-0.21
HSY,0.0,-0.09,-0.04,-0.06,-0.05,-0.05
HTZ,-0.32,-0.29,-0.34,-0.23,-0.29,-0.29
HES,-0.2,-0.76,-1.43,-0.92,-1.1
HESM,0.01,-0.43,-0.68,0.11,-0.5
HPE,-0.1,-0.02,-0.04,-0.02,-0.03,-0.08
HXL,-0.06,-0.03,-0.08,-0.07,-0.07,-0.07
HF,-0.12,0.01,-0.0,-0.04,-0.04,-0.04
HCLP,0.05,-0.17,-0.26,-0.02,-0.12,-0.12
HIW,-0.25,-0.31,0.35,-0.23,-0.25,-0.25
HIL,-0.03,-0.03,0.02,-0.06,0.08,-0.05
HRC,-0.09,-0.08,-0.06,-0.06,-0.05,-0.07
HGV,-0.03,0.03,0.01,-0.02,-0.03
HLT,-0.07,0.0,-0.09,0.04,-0.06,-0.06
HNI,-0.05,-0.03,-0.06,-0.02,-0.04,-0.04
HMLP,1.63,-0.39,-0.04,0.02,-0.22,0.0
HEP,-0.34,-0.24,-0.27,-0.21,-0.09,-0.09
HFC,-0.02,-0.02,-0.08,-0.01,-0.03,-0.03
HD,-0.03,-0.02,-0.03,-0.02,-0.03,-0.02
HMC,-0.06,-0.04,-0.07,-0.02,0.0,-0.01
HON,-0.02,-0.02,-0.02,-0.11,0.01,0.01
HZN,-0.01,-0.02,-0.03,-0.07,-0.02,-0.15
HRL,-0.02,-0.03,-0.01,-0.02,-0.02,-0.02
HOS,-0.12,-0.31,-0.52,0.22,-0.36,-0.36
HST,-0.08,-0.11,-0.1,-0.12,-0.04,-0.04
HOV,0.24,0.14,-0.14,-0.26,0.04,0.06
HHC,0.05,0.13,0.14,-0.14,-0.14,-0.14
HPQ,-0.07,-0.02,-0.02,-0.02,0.01,-0.0
HMI,-0.0,-0.0,-0.03,0.0,-0.03,0.02
HNP,-0.22,-0.18,-0.22,-0.2,-0.18,-0.16
HUBB,-0.02,-0.02,-0.03,-0.04,-0.0
HUBS,-0.31,-0.25,-0.24,-0.24,-0.29,-0.29
HBM,-0.47,-0.39,-0.58,-0.45,-0.28,-0.18
HUD,-0.12,-0.08,-0.09,-0.09,-0.11,-0.11
HPP,-0.16,-0.38,-0.29,-0.31,-0.27
HII,-0.05,-0.06,-0.04,-0.05,-0.01,-0.01
HUN,-0.04,-0.05,-0.08,-0.07,-0.09,-0.09
H,-0.03,-0.1,-0.06,-0.08,0.1,0.1
HY,0.0,-0.01,0.04,-0.04,-0.01,-0.01
IAG,-0.51,-0.85,-0.26,0.19,-0.2,-0.2
IDA,-0.13,-0.12,-0.12,-0.17,-0.19,-0.19
IEX,-0.04,-0.04,-0.06,-0.04,-0.03,-0.03
IDT,-0.04
ITW,0.09,-0.03,-0.02,-0.05,-0.02,-0.02
IMAX,-0.16,-0.07,-0.13,-0.22,-0.23,-0.23
ICD,-0.46,-0.4,-0.56,-0.32,-0.25,-0.25
IRT,-0.27,0.08,-0.01,-0.15,-0.23,-0.23
IBA,-0.07,-0.03,-0.01,0.02,0.03
INFY,-0.03,0.03,0.02,0.0,0.02,-0.0
HIFR,-0.44,-0.62,-0.42,-0.79,-0.32,-0.32
NGVT,-0.01,0.01,-0.1,-0.05,-0.13
INGR,-0.06,-0.05,-0.05,-0.04,-0.04,-0.04
IIPR,-0.04,-0.04,-0.04,-0.83,-0.6,-0.6
IPHI,-0.2,-0.33,0.14,-0.44,-0.59,-0.59
NSP,-0.05,-0.01,-0.02,-0.04,-0.01,-0.01
IBP,-0.01,-0.01,-0.04,-0.02,-0.03,-0.03
INST,-0.48,-0.47,-0.29,-0.18,-0.2,-0.2
ITGR,-0.04,-0.03,-0.07,-0.06,-0.07
I,-0.33,-2.05,0.14,-0.3,-0.44,-0.44
ICE,-0.13,-0.01,-0.12,0.07,-0.09,-0.09
IHG,-0.08,0.33,-0.2,0.01,-0.07,-0.07
IBM,-0.05,-0.05,-0.06,-0.14,-0.12
IFF,-0.03,-0.0,-0.04,-0.03,-0.03,-0.03
IGT,-0.29,-0.18,-0.15,-0.36,-0.01,-0.01
IP,-0.11,-0.07,-0.07,0.02,-0.05,-0.05
INSW,0.26,-0.1,-0.34,-0.42,-0.29,-0.29
IPG,-0.03,-0.03,0.01,-0.04,0.01,0.01
INXN,-0.21,-0.2,-0.2,-0.23,-0.24,-0.24
IPI,-0.29,-1.91,-0.23,-0.25,-0.25,-0.25
IVC,-0.05,-0.02,0.01,-0.05,0.0,0.0
IVR,3.0,-2.36,-0.29,0.08,5.6,5.6
IVZ,-0.04,-0.02,0.15,-0.05,0.01,0.01
IRET,-0.4,-0.32,0.03,-0.15,0.41,-0.35
NVTA,-2.5,-1.12,-0.96,-0.37,-0.25,-0.25
INVH,-0.48,-0.43,-0.36,-0.35,-0.33,-0.33
IO,-0.51,-0.04,-0.39,-0.29,-0.43,-0.43
IQV,-0.03,-0.01,-0.02,-0.11,0.03,0.03
IRS,-0.64,-0.26,-0.15,-0.08,0.02,0.24
ICL,-0.07,-0.01,-0.2,-0.09,0.11,0.11
STAR,0.11,0.2,0.29,0.14,-0.01,-0.01
ITT,-0.02,0.05,-0.02,-0.05,-0.01,-0.01
JAX,-0.07,-0.04,-0.05,-0.04,-0.06,-0.06
JILL,-0.06,-0.09,-0.06,-0.07,-0.03,-0.02
JCP,0.04,-0.08,-0.08,-0.03,-0.05,-0.03
SJM,-0.05,-0.07,-0.1,-0.06,0.02,-0.07
JBL,-0.02,-0.05,-0.04,-0.06,-0.04,-0.06
JEC,-0.03,-0.02,-0.04,-0.03,-0.02,0.0
JAG,-0.44,-0.79,-0.55,-2.36,-0.45,-0.45
JHX,-0.15,0.07,-0.01,-0.01,-0.07,-0.06
JHG,0.21,-0.14,-0.09,0.12,-0.06,-0.06
JBGS,-0.22,-0.28,-0.2,-0.27,-0.23,-0.23
JELD,-0.03,-0.02,0.04,-0.07,-0.02,-0.02
JCAP,-0.02,0.0,3.0,1.58,1.94,1.94
JT,1.94,1.94,-0.22,0.16,-0.12,-0.15
JKS,-0.47,-0.06,0.05,-0.04,0.17,0.14
JBT,-0.03,-0.05,-0.05,0.0,-0.02,-0.02
JNJ,-0.03,-0.06,-0.03,-0.26,-0.08,-0.08
JCI,-0.03,-0.0,-0.07,0.05,-0.01,-0.01
JLL,-0.02,0.01,0.02,-0.07,-0.01,-0.01
JMEI,-0.12,-0.0,-0.0,0.01,0.07,0.19
JNPR,-0.24,-0.05,-0.1,-0.19,-0.11
JP,-0.37,-0.26,-0.33,0.02,-0.12,-0.2
JE,-0.01,-0.14,-0.03,0.08,0.12,0.08
LRN,-0.11,-0.11,-0.13,-0.1,-0.08,-0.09
KAI,-0.05,-0.01,-0.05,-0.07,-0.0,-0.0
KDMN,-0.59,-2.39,-6.0,-1.33,17.0,17.0
KAMN,-0.03,-0.03,-0.03,-0.02,-0.06,-0.06
KSU,-0.16,-0.18,-0.19,-0.03,0.01
KAR,-0.11,-0.1,-0.04,-0.07,-0.11,-0.11
KBH,0.65,-0.03,-0.02,-0.08,-0.01,-0.01
KBR,-0.22,0.03,-0.03,0.06,0.06
FRAC,-0.16,-0.28,-0.32,-0.08,-0.14,-0.14
K,-0.08,-0.08,-0.07,-0.03,-0.01,-0.01
KEM,-0.07,-0.05,-0.12,-0.03,0.11,-0.0
KMT,-0.04,-0.27,-0.21,-0.07,-0.07
KW,-0.19,-0.17,-0.14,0.03,0.07,0.07
KEN,-1.02,0.04,-0.17,-0.31,-0.42,1.96
KEG,-0.16,-0.24,-1.13,0.02,-0.16,-0.13
KEYS,-0.06,0.05,-0.03,-0.07,-0.1,-0.11
KRP,-0.11,-1.57,-6.8,-1.75,-1.29,-1.29
KMB,-0.07,-0.07,-0.06,-0.04,-0.08,-0.08
KIM,-0.21,0.34,-0.18,-0.16,-0.12,-0.12
KMI,-0.21,-0.35,-0.31,-0.32,-0.24,-0.24
KGC,-1.2,-0.61,-0.6,-0.35,-0.25
KEX,-0.16,-0.06,-0.14,-0.15,-0.02,-0.02
KL,-0.22,-0.27,-0.34,-0.22,-0.03
KRG,-0.18,-0.41,-0.44,-0.4,-0.57,-0.57
KKR,-0.57,-0.57,-0.57,0.91,3.65,3.65
KREF,3.65,0.23,0.15,0.06,0.11,0.11
KNX,-0.07,-0.08,-0.13,0.07,-0.09,-0.09
KNL,-0.04,-0.02,-0.02,-0.02,-0.03,-0.03
KNOP,-0.4,-0.28,-0.32,-0.27,-0.4,-0.07
KN,-0.18,-0.29,-0.17,-0.03,-0.04,-0.04
KSS,-0.05,-0.06,-0.04,-0.09,-0.04,-0.06
PHG,-0.04,-0.02,-0.02,-0.01,-0.04,-0.04
KOP,-0.04,-0.12,-0.06,-0.05,-0.03,-0.03
KEP,-0.13,-0.16,-0.06,-0.16,-0.17,-0.18
KFY,-0.06,-0.02,-0.02,-0.01,-0.05,-0.08
KOS,-0.19,-1.14,-1.08,-0.8,-0.4,-0.4
KRA,-0.02,-0.11,-0.02,-0.08,-0.09
KR,-0.02,-0.02,-0.03,-0.02,-0.01,-0.0
KRO,0.01,-0.17,-0.03,0.05,-0.04
KT,-0.18,-0.12,-0.16,-0.18,-0.15,-0.15
LB,-0.03,-0.06,-0.05,-0.06,-0.03,-0.04
SCX,-0.02,-0.01,-0.13,-0.01,-0.04,-0.0
LLL,-0.04,-0.13,-0.03,-0.04,-0.0,-0.0
LH,-0.04,-0.06,-0.05,-0.02,-0.04
LADR,-0.6,0.1,-1.25,0.27,-0.07,-0.07
LW,-0.04,-0.03,-0.03,-0.04,-0.02,-0.04
LPI,-0.29,-4.16,-1.03,0.2,-0.19,-0.19
LVS,-0.14,-0.13,-0.21,-0.13,-0.17,-0.17
LZB,-0.03,-0.01,-0.02,-0.04,-0.02,-0.01
LCII,-0.04,-0.01,-0.04,-0.01,-0.0,-0.0
LEA,-0.01,-0.03,-0.03,-0.02,-0.03,-0.03
LEE,-0.25,-0.11,-0.08,-0.07,-0.08,-0.04
LM,-0.06,-0.12,-0.18,-0.11,-0.07,-0.24
LEG,-0.08,-0.01,-0.04,-0.04,-0.03,-0.03
LDOS,-0.01,-0.14,-0.03,-0.02,-0.02,-0.02
LEJU,-0.12,-0.12,-0.03,-0.08,-0.1,0.2
LC,-0.39,-0.19,-0.29,0.76,0.74,0.74
LEN,0.18,0.13,0.04,-0.01,-0.0,-0.0
LII,-0.01,0.01,-0.04,-0.02,-0.0,-0.0
LXP,-0.29,-0.31,-0.32,-0.36,0.02,0.02
LPL,-0.15,-0.12,-0.07,-0.06,-0.1,-0.14
LBRT,-0.14,-0.03,-0.05,-0.05,-0.05,-0.05
LPT,-0.16,-0.15,-0.18,0.03,-0.08,-0.08
LSI,-0.17,-0.2,-0.3,-0.29,-0.1,-0.1
LITB,-0.07,-0.06,-0.0,0.02,0.02,0.03
LNN,-0.06,-0.04,-0.03,-0.03,-0.03,-0.01
LN,-0.04,-0.1,-0.12,-0.16,-0.02,-0.1
LAD,0.02,0.01,0.01,0.01,-0.02,-0.02
LAC,-0.02,-0.02,-0.02,-12.0,-5.0,-1.25
LYV,-0.05,-0.05,-0.07,-0.06,-0.08,-0.08
LMT,-0.01,-0.03,0.0,-0.09,0.04,0.04
LOMA,0.04,-0.11,-0.13,-0.11,-0.11,-0.1
LPX,-0.01,-0.06,-0.09,-0.03,-0.04,-0.04
LOW,-0.04,-0.03,-0.04,-0.04,-0.04,-0.03
LXU,-0.06,-0.09,0.36,-0.07,-0.24,-0.24
LKSD,-0.06,-0.05,-0.03,-0.07,-0.05,-0.05
LTC,-0.19,-0.21,-0.13,-0.11,0.23,0.23
LUB,-0.06,-0.03,-0.06,-0.09,-0.07,-0.07
LL,0.02,0.01,-0.07,-0.04,-0.07,0.01
LXFR,0.01,-0.08,-0.02,-0.07,-0.08,-0.08
LXFT,0.0,-0.02,-0.05,-0.08,-0.06
LDL,-0.04,0.02,-0.06,-0.02,-0.01,-0.01
WLH,0.23,0.21,0.03,-0.07,0.03,0.03
LYB,-0.04,-0.04,-0.06,-0.01,-0.01
MDC,0.13,0.03,-0.01,0.03,0.07,0.07
MHO,0.15,0.09,0.01,0.06,0.05,0.05
MAC,0.99,-0.04,0.1,-0.24,-0.3,-0.3
CLI,-0.2,-0.5,0.03,-0.27,-0.18
MIC,0.58,-0.3,-0.24,-0.04,-0.22,-0.22
M,-0.04,-0.04,-0.03,-0.05,-0.02,-0.01
MMP,-0.12,-0.11,-0.07,-0.1,-0.01,-0.01
MGA,-0.03,-0.02,-0.01,-0.04,-0.03,-0.03
MX,-0.11,-0.12,-0.06,0.15,-0.06,-0.06
MAIN,2.07,1.42,1.02,0.48,0.41
MNK,-0.27,-0.17,-0.16,0.44,-1.33,-1.33
MANU,-0.11,-0.37,-0.29,-0.33,-0.22,-0.31
MTW,0.01,-0.01,-0.13,-0.04,0.24,0.24
MN,-0.44,-0.41,-0.35,-0.33,-0.26,-0.16
MAN,0.01,-0.0,-0.01,0.01,0.0,0.0
MRO,-0.23,-0.68,-0.8,-1.8,-0.36,-0.36
MPC,-0.01,-0.02,-0.04,-0.04,-0.03,-0.03
MMI,-0.04,-0.01,-0.01,-0.02,-0.04,-0.04
MCS,-0.09,-0.11,-0.08,-0.07,-0.12,-0.12
MPX,0.0,-0.01,0.0,-0.04,0.02,0.02
HZO,0.0,0.06,0.0,0.02,-0.03,-0.02
VAC,-0.12,0.01,-0.0,0.04,-0.01,-0.01
MMC,-0.05,-0.02,-0.02,-0.03,-0.07
MLM,-0.08,-0.08,-0.07,0.01,-0.06,-0.06
DOOR,-0.06,-0.11,-0.04,-0.01,-0.05,-0.05
MTZ,-0.04,-0.11,-0.01,0.03,-0.04,-0.04
MA,0.02,-0.02,-0.04,-0.13,-0.02,-0.02
MTDR,-0.38,-3.2,-0.78,-0.32,-0.4,-0.4
MTRN,-0.02,-0.06,-0.04,-0.05,-0.05,-0.05
MATX,-0.06,-0.08,-0.04,0.0,-0.09,-0.09
MLP,0.64,-0.17,-0.26,0.12,-0.09,-0.09
MAXR,-0.01,0.0,-0.02,-0.06,-0.66,-0.66
MMS,-0.04,-0.02,-0.0,-0.05,-0.04,-0.05
MXL,-0.14,-0.32,-0.14,-0.2,-0.34,-0.34
MKC,-0.02,-0.04,-0.04,-0.07,-0.07
MDR,-0.04,-0.02,-0.05,0.01,-0.39,-0.39
MUX,-6.6,-0.49,-0.07,0.06,-0.35,-0.35
MCK,-0.01,-0.01,-0.01,0.0,-0.02,-0.02
MDU,-0.07,-0.3,-0.1,-0.04,-0.05,-0.05
MTL,-0.38,-0.79,-0.49,-0.17,-0.17,-0.19
MRT,-0.19,-0.23,-0.39,-0.34,-0.3,-0.3
MPW,-0.32,-0.15,-0.07,-0.1,0.72,0.72
MED,-0.05,-0.03,-0.03,-0.05,-0.01,-0.01
MCC,5.17,4.61,0.05,-3.34,-1.25,-1.4
MCV,-0.17,0.06,-0.17,-0.14,-0.72,-0.72
MCX,-0.24,-0.06,-0.19,-0.09,-0.13,-0.11
MDLY,0.95,2.75,-0.31,-0.17,-0.17,-0.32
MD,-0.04,-0.01,-0.04,-0.06,0.01
MDT,-0.11,-0.11,-0.06,-0.1,-0.05,-0.03
MRK,0.1,-0.2,-0.16,-0.1,-0.11,-0.11
MDP,-0.04,-0.03,-0.12,-0.02,-0.02,-0.06
MTH,0.16,0.05,0.08,0.07,0.09
MTOR,0.01,-0.01,0.12,0.04,-0.03,0.0
MTR,0.0
MSB,0.0,0.04,0.1,-0.27,0.09,0.09
MEI,0.03,-0.02,-0.03,-0.06,-0.07,0.01
MTD,-0.03,-0.03,-0.02,-0.05,-0.02,-0.02
MFA,0.16,0.09,0.63,0.39,0.44,0.44
MFO,0.44,0.44,0.44,0.44,1.99,1.93
MFCB,-0.0,0.0,-0.24,-0.11,-0.16,-0.37
MGP,-0.37,-0.37,-0.56,-0.58,-0.51,-0.51
MGM,-0.13,-0.16,-0.05,-0.02,-0.15
MFGP,-0.12,-0.17,-0.1,-0.21,0.11,0.11
MAA,-0.24,-0.13,-0.24,-0.22,-0.33,-0.33
MPO,-0.3,-5.51,-0.9,-0.27,-0.27
MCRN,-0.04,-0.05,-0.07,-0.09,-0.07,-0.07
MLR,0.01,-0.01,-0.0,0.01,0.03
MTX,-0.13,-0.09,-0.06,-0.01,-0.02,-0.02
MG,-0.06,-0.02,-0.05,-0.06,-0.08,-0.05
MIXT,-0.04,-0.05,-0.04,-0.13,-0.1,-0.13
MBT,-0.2,-0.26,-0.22,-0.19,-0.2,-0.32
MODN,-0.18,-0.12,-0.2,-0.21,-0.2,-0.24
MOD,-0.05,0.02,-0.03,-0.05,-0.02,-0.05
MC,-0.41,-0.2,-0.31,-0.3,-0.28,-0.28
MHK,-0.02,-0.04,-0.04,-0.02,-0.03,-0.03
TAP,-0.18,-0.09,0.17,-0.04,-0.08
MNR,-0.27,-0.17,-0.28,-0.35,-0.23,-0.94
MOS,-0.14,-0.09,-0.14,-0.14,-0.1,-0.1
MSI,0.32,-0.07,-0.1,-0.24,-0.01,-0.01
MPLX,-0.24,-0.12,-0.41,-0.3,-0.17,-0.17
MRC,0.04,-0.23,-0.11,0.03,0.02,0.02
MSA,-0.02,0.01,-0.04,-0.17,-0.1,-0.1
MSM,-0.01,-0.01,-0.06,-0.01,-0.0,0.0
MSGN,-0.15,0.06,-0.09,-0.04,0.11,-0.02
MLI,0.0,-0.03,-0.03,0.02,-0.03,-0.03
MWA,-0.08,-0.05,-0.07,0.13,-0.03,-0.12
MUR,-0.4,-1.23,-0.48,-0.69,-0.32,-0.32
MVO,0.07,0.2,0.6,0.59
MVC,3.55,-1.92,-2.41,-6.1,1.48,1.54
MYE,-0.08,-0.03,-0.06,-0.1,-0.11,-0.11
NBR,-0.36,-0.32,-0.7,-0.24,-0.32,-0.32
NC,-0.06,-0.09,-0.07,-0.1,-0.15,-0.15
NTP,-0.1,-8.0,-1.33,-1.67,1.0,1.0
NFG,-0.29,-0.7,-0.61,-0.25,-0.14,-0.19
NGG,-0.1,-0.2,-0.18,0.17,-0.06,-0.08
NHI,-0.13,-0.07,-0.1,-0.14,-0.18,-0.18
NOV,-0.01,-0.14,-0.47,-0.15,-0.07,-0.07
NPK,0.04,-0.11,-0.01,-0.06,0.09,-0.16
NNN,-0.24,-0.3,-0.33,-0.27,-0.29,-0.29
SID,-0.1,-0.08,-0.25,-0.07,-0.03,0.07
NGS,-0.28,-0.22,-0.33,-0.38,0.04,-0.09
NGVC,-0.04,-0.04,-0.03,-0.04,-0.04,-0.03
NRP,-0.04,-0.16,-0.2,-0.2
NTZ,-0.15,-0.03,-0.05,-0.07,-0.06,0.08
NLS,-0.05,-0.04,-0.03,-0.02,-0.02,-0.02
NCI,-0.15,-0.03,-0.05,-0.03,0.11,0.11
NVGS,-0.16,-0.15,-0.17,-0.14,-0.24,-0.26
NNA,-0.14,-0.24,-0.1,-0.1,-0.55,-0.27
NM,-0.33,-0.2,-0.37,-0.81,-0.47,-0.34
NMM,-0.23,-0.43,-0.36,-0.58,-0.33,-0.44
NAV,-0.03,-0.02,-0.04,-0.01,0.04
NCS,-0.02,-0.06,-0.01,-0.0,-0.01,-0.01
NCR,-0.05,-0.13,-0.09,-0.08,-0.1,-0.1
NP,-0.03,-0.07,-0.05,-0.02,-0.06,-0.06
NNI,-0.05,-0.14,-0.08,-0.08,-0.04,-0.04
NPTN,-0.07,-0.06,-0.13,-0.07,-0.2,-0.2
NETS,-0.2,-0.1,-0.05,-0.07,-0.1,-0.14
NVRO,0.0,0.47,0.12,-0.07,-0.11,-0.11
NWHM,0.78,0.13,0.09,0.14,0.19,0.19
NEWM,-0.07,-0.04,-0.05,-0.08,-0.06,-0.06
NMFC,2.47,0.62,0.3,1.39,2.01,2.01
EDU,-0.13,-0.15,-0.2,-0.19,-0.24
NEWR,-0.3,-0.33,-0.39,-0.3,-0.4
NRZ,0.36,-0.14,-0.07,1.32,1.66,1.66
NYT,-0.03,-0.07,-0.04,-0.05,-0.02,-0.02
NJR,-0.06,-0.08,-0.01,-0.05,-0.06,-0.04
NEU,-0.0,-0.01,-0.05,-0.02,0.02,0.02
NEM,-0.48,-0.13,-0.25,-0.51,-0.33,-0.33
NR,0.01,-0.31,-0.11,-0.06,-0.03,-0.03
NEXA,-0.03,-0.2,-0.29,-0.26,-0.1,-0.15
NXRT,-0.6,-0.27,-0.09,0.1,-0.3,-0.3
NEP,-0.56,-0.49,-0.34,-0.59,-0.22,-0.22
NEE,-0.18,-0.19,-0.21,-0.06,0.0,0.0
NGL,-0.0,-0.01,-0.05,0.01,-0.01,0.01
NLSN,-0.11,-0.1,-0.13,-0.13,-0.27,-0.27
NKE,-0.01,-0.05,0.02,0.02,-0.08,-0.1
NINE,-0.1,-0.37,-0.24,-0.14,-0.17,-0.17
NI,-0.12,-0.25,-0.1,-0.13,-0.12,-0.12
NL,0.04,-0.48,-0.12,0.87,-0.49,-0.49
NOAH,-0.26,-0.09,-0.07,-0.02,0.05,0.05
NE,-0.55,-0.37,-0.89,-0.78,-0.56
NBL,-0.46,-1.48,-0.69,-0.76,-0.48,-0.48
NBLX,-1.0,-0.05,-0.56,-0.1,-0.16,-0.16
NOK,-0.05,0.17,0.16,0.03,-0.14,-0.08
OSB,-0.0,-0.05,-0.07,-0.08,-0.08
NAO,-0.08,-0.19,-0.47,-0.89,-0.83,-0.61
NAT,-0.24,-0.2,-0.13,-0.37,-0.8,-0.75
JWN,-0.05,-0.04,-0.13,-0.09,-0.06,-0.06
NSC,-0.07,-0.13,-0.14,0.2,-0.09,-0.09
NOA,-0.09,-0.3,-0.19,-0.15,-0.23,-0.23
NRT,-0.05,0.0,-0.14,-0.12,-0.12,-0.12
NOC,-0.02,-0.02,-0.01,-0.03,-0.02,-0.02
NRE,0.0,-0.77,-0.6,-0.43,1.42,1.42
NWN,-0.21,-0.18,-0.24,-0.35,-0.15,-0.15
NWE,-0.11,-0.16,-0.1,-0.12,-0.16,-0.16
NCLH,-0.1,-0.14,-0.12,-0.15,-0.18,-0.18
NVS,-0.07,0.12,-0.1,-0.1,-0.03,-0.03
NVO,-0.01,-0.01,-0.06,-0.03,-0.09,-0.07
NRG,-0.09,-0.52,-0.23,-0.33,-0.12,-0.12
NUS,0.1,-0.08,-0.06,-0.08,-0.03,-0.03
NUE,-0.03,-0.11,-0.06,0.01,-0.0,-0.0
NS,-0.1,-0.1,-0.16,-0.14,-0.17,-0.17
NSS,-0.27,-0.1,-0.01,0.1,0.01,0.03
NTR,-0.15,-0.17,-0.21,-0.2,0.08,0.08
NVR,0.02,0.03,0.01,-0.0,0.01,0.01
OAK,22.95,5.02,0.46,0.39,0.61,0.61
OMP,0.61,0.61,-0.21,-0.26,-0.04,-0.73
OAS,-0.26,-0.51,-0.67,-0.31,-0.44,-0.44
OBE,-1.06,-2.38,-0.92,-0.48,-0.91,-0.91
OXY,-0.54,-0.9,-0.39,-0.29,-0.2,-0.2
OII,-0.08,-0.11,-0.14,0.02,-0.13,-0.13
OZM,-0.42,-0.52,-0.31,0.2,0.36,-0.28
OCN,-0.39,-0.48,-0.49,-0.45,-0.32,-0.32
OGE,-0.13,-0.27,-0.14,-0.07,-0.23,-0.23
OIS,-0.14,-0.21,-0.28,-0.27,-0.11,-0.11
ODC,-0.03,-0.06,-0.04,-0.06,-0.01,0.03
OLN,-0.02,-0.08,-0.11,-0.02,-0.08,-0.08
OHI,-0.23,-0.32,-0.29,-0.53,-0.34
OMC,-0.02,-0.07,-0.05,-0.06,-0.03,-0.03
OMN,-0.0,-0.07,-0.07,-0.17,-0.05,-0.05
ONDK,-0.87,-0.47,-0.75,-0.73,-0.67,-0.67
OGS,-0.08,-0.18,-0.1,-0.06,-0.13
OLP,-0.18,-0.17,-0.2,-0.1,-0.28,-0.24
OMF,0.05,-0.66,-0.39,-0.46,-0.48,-0.48
OKE,-0.08,-0.1,-0.11,-0.08,-0.08,-0.08
ORCL,-0.1,-0.12,-0.13,-0.13,-0.29,-0.28
ORAN,-0.13,-0.2,-0.17,-0.14,-0.2,-0.18
ORC,0.45,-3.33,-4.09,-11.86,3.54,3.54
OEC,-0.17,-0.15,-0.15,-0.07,-0.0,-0.0
ORN,-0.04,-0.01,-0.07,-0.05,-0.06,0.01
IX,-0.24,-0.01,-0.14,-0.14,-0.1,-0.15
ORA,-0.28,-0.12,-0.1,-0.13,-0.07,-0.07
OSK,0.02,0.02,-0.06,0.01,0.0,0.03
OR,0.03,91.12,0.0,-0.17,-0.43,-0.29
OUT,0.03,-0.21,-0.13,-0.08,-0.07,-0.07
OSG,-0.77,0.6,-0.02,-1.59,0.03,0.06
OMI,0.01,-0.02,-0.01,0.0,-0.06,-0.06
OC,-0.04,-0.08,-0.1,-0.11,-0.04,-0.04
OI,-0.09,-0.11,-0.08,-0.08,-0.08,-0.08
OXM,-0.01,-0.05,-0.08,-0.07,-0.05,-0.04
ROYT,-0.04,-0.04
PCG,-0.13,-0.17,-0.17,-0.25,-0.69,-0.69
PKG,-0.06,-0.06,-0.06,-0.03,-0.06,-0.06
PAGS,-0.06,0.05,-0.03,0.07,0.01,1.14
PANW,-0.53,-0.55,-0.64,-0.62,-0.52,-0.44
PAM,-0.26,-0.28,-0.3,-0.21,-0.19,-0.09
PHX,-0.34,-0.67,-0.81,-0.42,-0.25,-0.21
PARR,0.0,-0.08,-0.01,-0.01,-0.02,-0.02
PAR,0.01,-0.04,-0.01,-0.04,-0.01,-0.14
PGRE,0.02,-0.23,-0.14,-0.19,-0.19
PKE,-0.43,-0.06,0.03,-0.03,0.16,0.17
PK,-0.14,-0.08,-0.1,0.71,0.01,0.01
PKD,-0.18,-0.36,-0.59,-0.28,-0.36
PH,-0.03,-0.02,-0.03,-0.03,-0.04,-0.02
PE,-0.54,-0.83,-0.66,-0.61,-0.47,-0.47
PRTY,-0.04,-0.03,-0.06,-0.02,0.01,0.01
PAYC,-0.11,-0.1,-0.17,-0.15,-0.08,-0.08
PBF,-0.02,-0.03,-0.03,-0.01,-0.03,-0.03
PBFX,0.7,-0.04,-0.1,-0.16,-0.17,-0.17
BTU,-0.17,-0.35,-0.35,-0.15,-0.15
PSO,0.04,0.0,0.14,-0.6,0.02,0.04
PEB,-0.15,-0.16,-0.2,-0.12,-0.15,-0.15
PBA,-0.06,-0.07,-0.08,-0.15,-0.11,-0.11
PEI,-0.37,-0.6,-0.4,-0.45,-0.45
PFSI,1.1,-0.01,1.08,0.79,-0.4,-0.4
PMT,1.27,2.55,1.65,-0.33,2.38,2.38
PAG,-0.0,-0.0,-0.0,-0.0,-0.01,-0.01
PNR,-0.11,-0.13,-0.07,0.01,-0.03,-0.03
PEN,0.06,0.13,0.11,-0.02,-0.05,-0.05
PFGC,-0.01,-0.0,-0.01,-0.01,-0.01,-0.01
PKI,-0.06,-0.03,-0.06,0.0,-0.03,-0.03
PBT,-0.03
PRGO,-0.12,-0.23,-0.88,-0.12,-0.1,-0.1
PTR,-0.07,-0.11,-0.13,-0.16,-0.17,-0.14
PFE,-0.16,-0.15,-0.16,0.09,-0.09,-0.09
PGTI,-0.02,-0.02,-0.05,-0.02,-0.07,-0.07
PM,-0.01,-0.04,-0.04,-0.1,-0.05,-0.05
PSX,0.01,-0.02,-0.02,0.01,-0.02,-0.02
PSXP,-0.11,-0.14,-0.25,-0.28,0.07
FENG,-0.05,-0.01,-0.09,-0.09,-0.07
DOC,-0.33,-0.39,-0.41,-0.42,-0.37,-0.37
PNW,-0.2,-0.19,-0.17,-0.18,-0.21,-0.21
PES,-0.26,-0.55,-0.48,-0.15,-0.15,-0.15
PXD,-0.33,-0.48,-0.52,-0.24,-0.24,-0.24
PJC,0.18,-0.51,-0.1,-0.35,-0.61,-0.61
PBI,-0.08,-0.02,-0.11,-0.07,-0.05,-0.05
PAA,-0.01,-0.01,-0.02,0.0,-0.07,-0.07
PAGP,-0.04,-0.05,-0.03,-0.07
PLNT,-0.15,-0.19,-0.23,-0.23,-0.17,-0.17
PLT,-0.04,-0.05,-0.09,-0.06,-0.14,-0.18
AGS,-0.56,-0.39,-0.69,-0.42,-0.24,-0.24
PHI,-0.23,-0.19,-0.28,-0.18,-0.27,-0.39
PNM,-0.21,-0.26,-0.22,-0.31,-0.24,-0.24
PII,-0.02,0.0,-0.08,-0.08,-0.02,-0.02
POL,-0.03,-0.02,-0.02,-0.08,-0.03,-0.03
POR,-0.18,-0.18,-0.19,-0.2,-0.21,-0.21
PKX,-0.06,-0.04,-0.13,-0.07,-0.07
POST,-0.1,-0.22,-0.12,-0.1,-0.06,-0.07
PPDF,-0.07,-0.07,-0.07,0.59,-0.03,0.59
PPG,0.04,-0.03,-0.03,0.0,-0.01,-0.01
PPL,-0.14,-0.25,-0.13,-0.18,-0.13,-0.13
PYT,-0.03,-0.01,-0.04,-0.05,0.0,-0.01
PQG,-0.01,-0.09,-0.19,-0.04,-0.12,-0.12
PDS,-0.28,-0.57,-0.29,-0.19,-0.38,-0.38
APTS,-0.23,-0.34,-0.36,-0.2,-0.26,-0.26
PBH,-0.06,-0.11,-0.09,-0.09,0.12,-0.13
PVG,-0.13,-0.13,-0.13,-0.13,-0.5,-0.35
PG,-0.03,-0.1,-0.08,0.04,-0.08,-0.06
PLD,-0.04,-0.04,-0.08,-0.01,-0.06,-0.06
PUMP,-0.06,-0.22,-0.15,-0.1,-0.13,-0.13
PRO,-0.21,-0.49,-0.4,-0.31,-0.36,-0.36
PRLB,-0.07,-0.05,-0.11,-0.09,-0.1,-0.1
PRH,-0.1,-0.14,-0.07,-0.08,-0.01,-0.04
PSB,-0.14,-0.29,-0.32,-0.29,-0.12,-0.12
PEG,-0.15,-0.22,-0.27,-0.19,-0.15,-0.15
PSA,-0.21,-0.18,-0.19,-0.2,-0.13,-0.13
PHM,0.03,0.14,0.07,-0.03,-0.04,-0.04
PVH,-0.03,-0.04,-0.04,-0.05,-0.02,-0.01
PZN,-0.42,-0.42,-0.4,-0.43,-0.48,-0.48
QTWO,-0.19,-0.28,-0.26,-0.18,-0.17,-0.17
QGEN,-0.13,-0.15,-0.2,-0.17,-0.11,-0.11
QTS,-0.27,-0.29,-0.33,-0.38,-0.43,-0.43
QUAD,-0.06,-0.21,-0.07,-0.06,-0.06,-0.06
NX,0.01,-0.08,-0.09,-0.07,-0.09,-0.06
PWR,-0.0,-0.04,-0.02,-0.01,-0.01,-0.01
QD,-0.01,-0.01,-0.56,-0.15,-0.19,-0.18
DGX,-0.05,-0.01,-0.06,-0.05,-0.06,-0.06
QES,-0.06,-0.48,-0.53,-0.02,-0.1,-0.1
QHC,-0.06,-0.02,-0.02,-0.2,-0.09,-0.09
QUOT,-0.15,-0.15,-0.15,-0.2,-0.13,-0.13
RRD,-0.05,-0.04,-0.09,-0.04,-0.03,-0.03
RL,-0.02,-0.03,-0.08,-0.16,-0.13,-0.04
RRC,-0.16,-1.18,-0.67,-0.2,-0.77
RNGR,-0.77,-0.77,-0.19,0.06,-0.1,-0.1
RYAM,-0.16,-0.16,-0.18,0.2,-0.06,-0.06
RYN,-0.36,-0.24,0.01,-0.13,-0.25,-0.25
RTN,0.0,-0.01,-0.03,-0.03,-0.02,-0.02
RLGY,-0.05,-0.06,-0.06,-0.04,-0.04,-0.04
O,-0.38,-0.4,-0.44,-0.46,-0.43,-0.43
RHT,-0.24,-0.25,-0.25,-0.22,-0.23,-0.21
RLH,-0.06,-0.05,-0.07,-0.08,0.04
RWT,9.91,7.15,3.12,8.09,8.13,8.13
RBC,-0.08,-0.07,-0.07,-0.02,-0.04,-0.04
RM,-0.37,-0.29,-0.34,-0.34,-0.41,-0.41
RGS,-0.13,-0.07,-0.04,-0.04,0.01,0.0
RS,0.0,-0.08,-0.04,0.02,-0.0,-0.0
RELX,-0.07,-0.07,-0.08,-0.03,-0.08,-0.08
SOL,-0.25,0.06,-0.01,-0.07,0.16,0.16
RENN,0.87,0.05,-4.15,-2.76,0.02,0.37
RSG,-0.11,-0.1,-0.13,-0.06,-0.12,-0.12
RMD,-0.03,-0.02,-0.11,-0.03,-0.08,-0.0
RFP,-0.11,-0.11,-0.05,-0.07,-0.05,-0.05
QSR,-0.08,-0.2,-0.16,-0.16,-0.1,-0.1
RPAI,-0.35,-0.23,-0.17,0.01,-0.26,-0.26
REVG,-0.0,-0.0,-0.02,-0.0,0.01,-0.01
REV,-0.09,-0.07,-0.05,-0.06,-0.02,-0.02
REX,-0.04,-0.09,-0.02,-0.08,-0.0,0.03
REXR,-0.36,-0.41,-0.25,-0.22,-0.27,-0.27
RXN,-0.08,-0.08,-0.08,-0.06,-0.07,-0.15
RNG,-0.17,-0.12,-0.16,-0.13,-0.15,-0.15
RIO,-0.16,-0.29,-0.11,-0.13,0.04,0.04
RBA,-0.12,-0.12,-0.15,-0.12,-0.11
RAD,-0.02,0.06,-0.03,-0.01,0.01
RLJ,-0.15,-0.1,-0.11,-0.14,-0.12,-0.12
RRTS,0.01,-0.01,-0.19,-0.02,-0.08,-0.08
RHI,-0.01,-0.02,-0.02,-0.03,-0.02,-0.02
ROK,-0.03,-0.06,-0.04,-0.03,-0.11,-0.07
RCI,-0.18,-0.18,-0.23,-0.16,-0.12
ROG,-0.05,-0.04,-0.11,-0.07,0.02,0.02
ROL,-0.04,-0.03,-0.04,-0.03,-0.03,-0.03
ROP,-0.05,-0.07,-0.08,-0.06,-0.09,-0.09
RST,-0.31,-0.19,-0.15,-0.11,-0.18,-0.18
RCL,-0.12,-0.15,-0.15,-0.14,-0.18,-0.18
RES,-0.03,-0.45,-0.33,0.02,-0.14
RPM,0.0,-0.02,-0.02,-0.04,-0.01,-0.03
RPT,-0.52,-0.16,-0.22,-0.18,-0.34,-0.34
RTEC,-0.05,-0.07,-0.04,-0.12,0.04,0.04
RYB,0.04,-0.25,-0.3,-0.26,-0.13,-0.14
R,-0.17,-0.17,-0.2,-0.1,-0.16,-0.16
RYI,0.01,-0.08,-0.0,0.01,0.01,0.01
RHP,-0.12,-0.11,-0.12,-0.1,-0.04,-0.04
SB,-0.1,-0.19,-0.58,-0.63,-0.91,-0.91
SAFE,-0.91,-0.91,0.0,0.09,-0.04,-0.04
SAIL,-0.04,-0.04,-0.16,-0.08,-0.16,-0.11
CRM,-0.27,-0.25,-0.24,-0.25,-0.17,-0.17
SBH,-0.02,-0.02,-0.03,-0.03,-0.03,-0.02
SJT,-0.02
SD,-0.24,-5.3,-5.3,-0.38,-0.44,-0.44
PER,-2.97
SC,-0.56,-0.51,-0.64,-0.45,-0.47
SAP,-0.01,-0.03,-0.04,-0.04,-0.01,-0.01
SAR,2.44,2.53,1.55,0.18,1.75,3.55
SSL,-0.07,-0.06,-0.12,-0.05,-0.1,-0.11
BFS,-0.19,-0.22,-0.2,-0.24,-0.26,-0.26
SLB,-0.12,-0.18,-0.29,-0.24,-0.11,-0.11
SNDR,-0.05,-0.09,-0.07,-0.02,-0.06,-0.06
SWM,-0.1,-0.07,-0.06,-0.1,-0.04,-0.04
SAIC,-0.02,-0.04,-0.03,-0.03,-0.01,-0.01
SALT,-0.01,-1.37,-7.56,-0.94,-0.49,-0.31
STNG,0.11,-0.12,-0.23,-0.39,-0.39,-0.45
SMG,-0.03,-0.03,0.03,-0.05,-0.1,-0.11
CKH,-0.07,-0.23,-0.32,-0.1,0.01,0.01
SMHI,0.01,-0.13,-0.48,-0.39,-0.1,-0.1
SDLP,-0.39,-0.35,-0.35,-0.37,-0.3,-0.33
SEE,0.06,-0.09,-0.06,0.09,-0.05,-0.05
SSW,-0.04,-0.3,-0.17,-0.51,-0.18,-0.14
SEAS,-0.15,-0.17,-0.22,-0.31,-0.18,-0.18
WTTR,-0.18,-0.18,-0.18,-1.04,-0.02,-0.02
SEM,-0.03,-0.02,-0.02,-0.05,-0.01,-0.01
SEMG,-0.07,-0.1,-0.13,-0.08,-0.12,-0.12
SMI,-0.27,-0.23,-0.19,-0.21,-0.29,-0.23
SRE,-0.09,-0.15,-0.09,-0.3,-0.21,-0.21
ST,-0.04,-0.06,-0.08,-0.05,-0.01,-0.01
SXT,-0.03,-0.08,-0.02,-0.07,-0.07,-0.07
SQNS,-0.86,-0.43,-0.33,-0.2,0.06,-0.22
SRG,-0.22,-0.22,-0.58,-0.6,-0.6,-0.6
SCI,-0.05,-0.08,-0.09,0.01,-0.05,-0.05
SERV,-0.12,-0.06,-0.06,0.03,-0.22,-0.22
NOW,-0.47,-0.51,-0.44,-0.41,-0.32,-0.32
SHAK,-0.1,-0.26,-0.16,-0.2,-0.12
SJR,-0.17,-0.12,-0.09,-0.13,-0.25,-0.22
SHLX,-0.61,-0.36,-0.16,-0.29,-0.08,-0.08
SHW,-0.02,-0.03,-0.01,-0.01,-0.05,-0.05
SFL,-0.24,-0.04,-0.15,-0.22,-0.22,-0.28
SHOP,-0.2,-0.17,-0.13,-0.07,-0.07,-0.07
SSTK,-0.13,-0.19,-0.15,-0.14,-0.16,-0.16
SBGL,-0.23,-0.11,-0.12,-0.02,-0.16,-0.07
SIG,0.03,0.02,0.0,-0.02,-0.23,-0.15
SBOW,-1.07,-6.89,-0.18,-0.18,-0.18
SPG,-0.27,-0.23,-0.28,-0.3,-0.23,-0.23
SSD,-0.0,-0.06,-0.01,-0.03,-0.03,-0.03
SHI,-0.03,-0.05,-0.02,-0.02,-0.01,-0.02
SITE,-0.03,-0.03,-0.03,0.02,-0.0,-0.0
SJW,-0.04,-0.19,-0.18,-0.11,-0.13,-0.13
SKM,-0.12,-0.11,-0.13,-0.15,-0.07,-0.02
SKX,-0.01,0.0,-0.03,0.0,-0.06,-0.06
SKY,0.02,0.03,-0.03,-0.01,-0.01,-0.01
SLG,0.02,-0.15,-0.21,-0.3,-0.16,-0.16
SM,-0.31,-0.94,-1.11,-0.54,-0.13,-0.13
SFS,-0.03,-0.03,-0.03,-0.02,-0.07,-0.06
SNN,-0.04,-0.13,-0.01,-0.07,-0.05,-0.05
SNAP,-0.05,-1.12,0.24,-3.28,-0.48,-0.48
SNA,0.01,-0.0,-0.01,-0.01,-0.02,-0.02
SOGO,-0.02,-0.31,-0.18,-0.14,-0.11,-0.1
SOI,-0.1,-0.21,-0.22,-0.34,-0.38,-0.38
SAH,-0.01,0.0,-0.01,-0.01,-0.01,-0.01
SON,-0.04,-0.04,-0.02,-0.03,-0.05,-0.05
SNE,-0.1,-0.11,-0.07,-0.1,-0.09,-0.08
BID,0.08,-0.12,-0.1,-0.25,0.18,0.18
SJI,-0.07,-0.09,-0.14,-0.16,-0.08,-0.08
SO,-0.2,-0.22,-0.12,-0.24,-0.2,-0.2
SCCO,-0.0,-0.03,-0.03,-0.19,-0.1,-0.1
LUV,-0.09,-0.05,-0.1,-0.02,-0.11,-0.11
SWX,-0.1,-0.17,-0.18,-0.07,-0.12,-0.12
SWN,-0.35,-1.96,-1.29,-0.02,-0.15
SPB,-0.09,-0.03,-0.11,-0.11,0.06
TRK,-0.21,-0.19,-0.3,-0.14,0.12,0.17
SR,-0.11,-0.02,-0.09,-0.12,-0.07,-0.04
SPR,-0.0,-0.08,-0.04,-0.03,-0.02,-0.02
SAVE,-0.02,-0.07,-0.09,-0.0,-0.11,-0.11
SRC,-0.32,-0.42,-0.39,-0.38,-0.46,-0.46
SRLP,0.01,0.02,-0.06,-0.05,-0.01,-0.03
S,-0.11,-0.17,-0.18,-0.16,-0.08,-0.3
SPXC,0.07,-0.03,-0.05,0.03,-0.02,-0.02
FLOW,-0.06,-0.05,-0.18,-0.08,-0.03
SQ,-0.05,-0.16,-0.11,-0.09,-0.16
JOE,0.11,-0.23,0.03,0.04,-0.08,-0.08
STAG,-0.58,-0.69,-0.4,-0.44,-0.3,-0.3
SSI,-0.02,-0.04,-0.02,-0.08,-0.07,-0.02
SMP,-0.0,-0.02,-0.04,-0.02,-0.02,-0.02
SXI,-0.04,-0.01,-0.04,-0.02,-0.03,-0.0
SWJ,-0.18,-0.21,-0.19,-0.22,-0.19,-0.19
SWK,-0.05,-0.03,-0.05,-0.02,-0.0
SWP,-0.05,-0.03,-0.05,-0.02,-0.0
STN,-0.02,-0.02,-0.04,-0.03,-0.03,-0.03
SGU,-0.03,-0.06,-0.05,0.0,-0.0,-0.02
SRT,-0.04,-0.04,-0.04,-0.06,-0.06,-0.06
STWD,0.38,-0.34,-0.35,1.28,-0.28,-0.28
STT,0.27,0.36,-0.02,-0.47,-0.72,-0.72
SPLP,-0.1,0.16,-0.16,0.01,-0.05,-0.05
SCS,-0.03,0.0,-0.01,-0.02,-0.05,-0.02
SCA,-0.05,-0.06,-0.09,8.07,0.01,0.01
SCM,1.16,0.91,0.36,0.1,2.42,2.42
SCL,-0.01,-0.06,-0.07,-0.06,-0.03,-0.03
STE,-0.05,-0.06,-0.06,-0.12,-0.06,-0.08
STM,-0.08,-0.11,-0.13,-0.11,-0.06,-0.06
STON,-0.22,-0.1,-0.09,-0.16,-0.27,-0.34
SRI,-0.03,-0.1,-0.05,0.02,-0.04,-0.04
STOR,-0.32,-0.36,-0.33,-0.32,-0.32,-0.32
GJS,-0.06,-0.13,-0.07,0.15,-0.06,-0.06
SYK,-0.13,0.05,-0.01,-0.04,0.07,0.07
RGR,-0.03,-0.09,-0.03,-0.09,-0.14,-0.14
INN,-0.2,-0.02,-0.06,-0.09,-0.13,-0.13
SUM,-0.07,-0.05,-0.13,-0.09,-0.08,-0.08
SMLP,-0.52,-0.96,-0.67,-0.31,-0.37,-0.37
SUI,-0.22,-0.04,-0.26,-0.19,-0.3
SXCP,-0.12
SXC,-0.16,-0.12,-0.17,-0.02,-0.11,-0.11
SU,-0.15,-0.15,-0.3,-0.19,-0.14,-0.14
SUN,-0.14,-0.02,-0.06,-0.02,-0.04,-0.04
SHO,-0.17,0.04,-0.14,-0.14,-0.05,-0.05
SPN,-0.17,-0.9,-0.65,-0.17,-0.48,-0.48
SUP,-0.0,-0.05,-0.05,-0.06,-0.09,-0.09
SWCH,-0.09,-0.09,-0.21,-0.42,-0.42,-0.61
SYF,-0.27,-0.32,-0.33,-0.46,-0.4,-0.4
SNX,0.03,-0.03,-0.01,0.01,0.01,0.01
GJT,0.01,0.01,0.01,0.01,-4.0,-1.0
SYY,-0.01,-0.02,-0.02,-0.02,-0.01,-0.01
SYX,-0.01,-0.1,0.01,-0.0,0.28,0.28
DATA,-0.2,-0.34,-0.39,-0.47,-0.2,-0.2
TLRD,-0.04,-0.03,-0.33,-0.06,-0.08,-0.09
TSM,-0.27,-0.22,-0.27,-0.22,-0.25,-0.23
TAL,-0.13,-0.19,-0.14,-0.23,-0.28,-0.15
SKT,-0.21,-0.27,-0.02,-0.1,-0.38,-0.38
TPR,-0.04,-0.13,-0.07,-0.06,-0.1,-0.07
TRGP,-0.08,-0.15,-0.15,-0.1,-0.11,-0.11
TGT,-0.08,-0.03,-0.04,-0.06,-0.04,-0.04
TARO,0.0,0.09,0.15,0.02,-0.17,-0.08
TTM,-0.1,-0.09,-0.1,-0.09,-0.06,-0.09
TCO,0.78,-0.31,-0.28,-0.32,-0.33,-0.33
TMHC,0.08,0.11,-0.09,-0.08,0.02,0.02
TCP,-0.32,-0.64,-0.29,-0.23,-0.53
TEL,-0.02,0.04,0.01,-0.05,0.01,0.03
TISI,-0.04,-0.03,-0.0,-0.08,-0.07,-0.06
FTI,0.03,-0.06,-0.01,-0.01,-0.14,-0.14
TECK,-0.22,-0.54,-0.22,-0.21,-0.11,-0.11
TK,-0.22,-0.25,-0.28,-0.32,-0.36,-0.16
TGP,0.04,0.03,-0.1,-0.07,-0.37,-0.04
TOO,-0.16,-0.26,-0.22,-0.52,-0.56
TNK,-0.09,0.19,0.03,-0.28,-0.32,-0.12
GCI,-0.04,-0.03,-0.04,-0.07,-0.05,-0.05
TGNA,0.04,-0.05,-0.07,-0.06,-0.05,-0.05
TRC,-0.14,-0.27,-0.11,-0.33,-0.22,-0.22
TDOC,-0.14,-0.14,-0.18,-0.31,-0.22,-0.22
TLRA,-0.11,-0.08,-0.2,-0.08,0.27,-0.25
TI,-0.32,-0.18,-0.26,-0.2,-0.22,-0.33
TDY,-0.03,-0.01,-0.06,-0.06,-0.04,-0.04
TFX,-0.05,-0.03,-0.09,-0.12,-0.1,-0.1
VIV,-0.09,-0.12,-0.13,-0.14,-0.05,-0.05
TDA,-0.07,-0.11,-0.11,-0.14,-0.12,-0.12
TDI,-0.24,0.18,0.02,-0.16,-0.02,-0.04
TDJ,0.02,-0.01,-0.02,-0.02,-0.03,-0.0
TDS,-0.11,-0.11,-0.14,-0.12,-0.17,-0.17
TU,-0.17,-0.17,-0.16,-0.19,-0.17,-0.17
TPX,-0.04,-0.05,0.01,-0.03,-0.03,-0.03
TS,-0.08,-0.09,-0.32,-0.19,0.11,0.06
THC,-0.04,-0.06,-0.04,-0.1,-0.05,-0.05
TNC,-0.01,-0.02,-0.01,-0.06,-0.04,-0.04
TEN,-0.04,-0.01,-0.03,-0.01,-0.05,-0.04
TVC,-0.23,-0.2,-0.17,-0.19,-0.25,-0.23
TVE,-0.73,-0.63,-0.77,-0.56,-0.5,-0.5
TDC,-0.11,-0.24,-0.14,-0.18,-0.2
TEX,-0.01,-0.01,-0.12,-0.01,0.0,0.0
TX,-0.07,-0.08,-0.17,-0.07,0.05,0.01
TRNO,-0.26,-0.28,-0.31,-0.12,-0.1,-0.1
TTI,-0.26,-0.28,-0.31,-0.13,-0.11,-0.11
TEVA,-0.1,-0.2,-0.22,-0.88,-0.24,-0.24
TPL,-0.07,0.0,-0.07,-0.14,0.06,0.06
TGH,-0.25,-0.31,-0.49,-0.68,-0.47,-0.47
TXT,-0.04,-0.03,-0.0,-0.05,0.01,0.01
AES,-0.06,-0.12,-0.3,-0.35,-0.11,-0.11
BX,-0.01,-0.36,0.31,0.55,0.22,0.22
COO,-0.11,-0.1,-0.12,-0.1,-0.21,-0.15
MSG,-0.28,-0.1,-0.18,-0.22,-0.05,-0.11
RUBI,-0.21,-0.31,-0.28,-1.13,-0.31,-0.31
TMO,-0.04,-0.05,-0.06,-0.09,-0.07,-0.07
THR,-0.07,-0.01,-0.09,-0.04,-0.03,0.0
THO,0.01,-0.01,-0.02,-0.01,-0.0,-0.04
TDW,0.02,-0.28,-0.42,-1.15,-0.43,-0.43
TIER,-0.15,-0.11,-0.33,0.11,-0.35,-0.35
TIF,0.01,-0.03,-0.09,-0.06,-0.13,-0.05
TLYS,-0.05,-0.07,-0.05,-0.07,-0.03,-0.02
TSU,-0.19,-0.25,-0.13,-0.27,-0.26,-0.23
TKR,-0.04,-0.16,-0.09,-0.01,-0.01,-0.01
TMST,0.01,-0.16,-0.21,-0.04,-0.02
TWI,-0.1,-0.1,-0.06,-0.04,0.03,0.03
TJX,-0.02,-0.03,-0.02,-0.04,-0.01,-0.01
TOL,0.01,0.07,0.05,-0.07,0.02,-0.0
TR,-0.05,-0.05,-0.06,0.07,-0.08,-0.08
BLD,-0.04,0.01,-0.0,0.02,-0.01,-0.01
TTC,-0.0,-0.01,-0.05,-0.04,-0.04,-0.03
TOT,-0.08,-0.1,-0.1,-0.08,-0.09,-0.06
TSS,-0.1,-0.08,-0.1,-0.05,-0.12,-0.12
TOWR,-0.05,0.04,-0.05,-0.06,-0.03,-0.03
TSQ,-0.17,-0.04,-0.07,-0.12,-0.16,-0.16
TM,-0.07,-0.06,-0.08,-0.06,-0.06,-0.08
TRTX,-0.08,-0.49,-0.17,0.02,-0.01,-0.01
TSLX,1.58,1.64,1.04,0.17,0.0,0.0
TAC,-0.23,-0.18,-0.24,-0.34,-0.45,-0.45
TRP,-0.22,-0.47,-0.39,-0.15,-0.11
TCI,1.47,0.93,0.42,-0.07,0.13,0.48
TDG,-0.1,-0.03,-0.03,-0.05,-0.02,-0.06
RIG,-0.45,-0.36,-0.27,-1.44,-0.85,-0.85
TGS,-0.27,-0.21,-0.16,-0.16,-0.06,-0.15
TRU,-0.13,-0.2,-0.16,-0.01,-0.12,-0.12
TVPT,0.01,-0.11,-0.12,-0.07,-0.11,-0.11
TREC,0.03,-0.02,-0.09,-0.05,-0.05,0.02
TG,-0.06,-0.01,-0.12,-0.03,-0.05,-0.05
THS,-0.04,-0.05,-0.11,-0.13,-0.13
TREX,-0.04,-0.03,-0.04,-0.01,-0.0,-0.0
TPH,0.12,0.07,0.15,0.03,-0.01,-0.01
TRCO,0.05,-0.17,-0.14,-0.01,-0.03,-0.03
TNET,-0.06,-0.04,-0.03,-0.02,0.08,0.08
TRN,-0.02,-0.02,-0.16,-0.02,-0.09,-0.09
TSE,-0.04,-0.06,-0.02,-0.01,0.01,0.01
TPVG,0.01,0.33,2.39,-0.12,0.85,0.85
TRTN,-0.4,-0.48,-0.59,-0.38,-0.4,-0.4
TGI,0.02,-0.06,-0.29,-0.09,-0.04,-0.04
TROX,-0.33,-0.25,-0.13,-0.27,-0.1,-0.1
TBI,0.01,-0.0,-0.1,-0.02,-0.02,-0.02
TNP,-0.37,-0.15,-0.13,-0.24,-0.31,-0.26
TKC,0.04,0.01,0.01,0.06,-0.06,-0.3
TPB,-0.21,-0.08,0.09,-0.03,0.04,0.04
TRQ,-0.38,-0.16,-0.02,0.07,0.2,0.2
TPC,0.04,0.01,-0.0,-0.0,0.01,0.01
TWLO,-0.11,-0.1,-0.18,-0.15,-0.21
TWTR,-0.97,-0.47,-0.41,-0.48,-0.38,-0.38
TWO,6.85,4.25,0.25,-0.8,-4.91,-4.91
TYL,-0.13,-0.04,-0.11,-0.04,-0.11,-0.11
TSN,-0.01,-0.03,-0.03,-0.02,0.0,-0.02
USPH,-0.12,-0.08,-0.06,-0.08,-0.08,-0.09
SLCA,-0.06,-0.08,-0.07,-0.07,-0.32,-0.32
UDR,-0.29,-0.1,-0.25,-0.4,-0.3
UGI,-0.08,-0.13,-0.11,-0.09,-0.05,-0.09
UGP,-0.01,-0.02,-0.02,-0.01,-0.01,-0.01
UMH,-0.28,-0.29,-0.17,-0.25,-0.58,-0.58
UA,0.02,-0.0,0.07,-0.01,-0.06,-0.06
UAA,-0.0,0.07,-0.01,-0.06,-0.13,-0.13
UFI,-0.04,0.0,-0.03,-0.02,-0.01,0.0
UNF,-0.05,-0.07,-0.06,-0.09,-0.04,-0.03
UN,-0.01,-0.05,-0.04,-0.02,0.05,0.05
UL,-0.01,-0.05,-0.04,-0.02,0.05,0.05
UNP,-0.09,-0.12,-0.17,0.16,-0.12,-0.12
UIS,-0.02,-0.04,-0.09,-0.08,-0.02
UNT,-0.36,-1.74,-0.62,-0.22,-0.47,-0.47
UMC,-0.25,-0.24,-0.32,-0.26,-0.29,-0.27
UNFI,0.01,0.01,-0.02,-0.02,0.01,-0.03
UPS,-0.05,-0.04,-0.05,0.05,-0.11,-0.11
URI,-0.22,-0.24,-0.24,-0.13,-0.22,-0.22
USM,-0.06,-0.08,-0.12,-0.12,-0.14,-0.14
UZA,-0.33,-0.26,-0.28,-0.22,-0.24,-0.28
X,-0.08,-0.17,-0.11,-0.03,0.01,0.01
UTX,-0.02,0.02,0.02,-0.02,-0.02,-0.02
UTL,-0.14,-0.21,-0.11,-0.14,-0.1,-0.1
UVV,0.06,-0.05,-0.04,-0.07,0.01,0.03
UHT,0.32,-0.22,-0.36,0.0,-0.25,-0.25
UHS,-0.06,-0.04,-0.06,-0.04,-0.05,-0.05
UTI,-0.07,-0.05,-0.16,0.01,-0.06,-0.1
UE,-0.13,-0.31,-0.14,-0.22,-0.08,-0.08
UBA,0.15,-0.02,-0.25,-0.08,-0.29,-0.28
UBP,0.15,-0.02,-0.25,-0.08,-0.29,-0.28
USFD,-0.02,-0.02,-0.02,-0.01,-0.01,-0.01
USAC,-0.35,-1.0,-0.34,-0.41,-0.41,-0.41
USNA,-0.04,-0.02,-0.04,-0.06,-0.02,-0.02
USDP,-0.14,-0.22,-0.26,-0.23,-0.2,-0.2
USG,-0.04,0.17,0.05,-0.09,-0.03,-0.03
VFC,-0.03,-0.05,0.01,-0.03,-0.07,-0.06
EGY,-0.79,-2.48,-0.4,0.04,0.53,0.53
MTN,-0.17,-0.14,-0.17,-0.13,-0.09,-0.17
VALE,-0.3,-0.32,-0.65,-0.09,-0.21
VLO,-0.0,-0.02,-0.03,-0.02,-0.01,-0.01
VHI,-0.01,-0.1,-0.06,-0.03,0.05,0.05
VMI,0.0,-0.09,-0.02,-0.01,-0.02
VVV,0.0,-0.07,-0.02,0.21,-0.07,-0.07
VAR,-0.01,-0.02,0.01,-0.06,-0.1,-0.02
VGR,-0.04,-0.05,-0.02,-0.03,-0.07,-0.07
VEC,-0.02,0.01,-0.01,0.02,-0.0,-0.0
VEDL,-0.16,-0.35,-0.36,-0.22,-0.37,-0.29
VEEV,-0.09,-0.09,-0.06,-0.14,-0.13,-0.11
VNTR,-0.06,-0.14,-0.08,-0.09,-0.2,-0.2
VTR,-0.26,-0.25,-0.3,-0.21,-0.02,-0.02
VER,-1.67,-0.94,-0.76,-0.69,-0.61,-0.61
VRTV,-0.0,-0.01,-0.01,-0.01,-0.0,-0.0
VZ,-0.17,-0.16,-0.08,0.04,-0.14,-0.14
VET,-0.4,-0.76,-0.81,-0.52,-0.36,-0.36
VRS,-0.23,-0.05,-0.07,-0.04,-0.04
VSM,-0.07,-0.09,-0.04,-0.06,-0.06,-0.03
VVI,-0.01,-0.03,-0.05,-0.04,-0.03,-0.03
VICI,-0.16,-0.17,-0.17,-0.46,0.02,0.02
VNCE,-0.02,-0.13,-0.16,-0.5,0.36,0.24
VIPS,-0.23,-0.1,-0.01,-0.01,0.01,0.01
V,-0.14,-0.02,0.03,-0.14,-0.12,-0.11
VSH,-0.07,-0.15,-0.11,-0.15,0.03,0.03
VPG,-0.05,-0.08,-0.12,-0.02,-0.04,-0.0
VSTO,-0.02,-0.04,-0.02,-0.17,-0.17,-0.17
DYNC,-0.17,-0.92,-0.92,-0.3,-0.17,-0.17
VST,-0.17,-0.92,-0.92,-0.3,-0.17,-0.17
VSLR,4.28,3.16,1.36,0.91,0.1,0.1
VMW,-0.29,-0.21,-0.14,-0.17,-0.33,-0.23
VOC,0.28,0.89,1.33,1.15
VCRA,-0.24,-0.16,-0.22,-0.13,-0.13,-0.13
VG,-0.07,-0.08,-0.12,-0.07,-0.16,-0.16
VNO,0.04,-0.04,-0.35,-0.16,-0.16
VJET,-0.08,0.06,0.08,0.09,-0.09,-0.17
VOYA,-0.12,-0.25,-0.37,-0.53,-0.12,-0.12
VMC,-0.02,-0.08,-0.06,-0.01,-0.07,-0.07
WTI,-0.55,-2.32,-0.66,-0.17,-0.14,-0.14
WPC,-0.18,-0.33,-0.27,-0.28,-0.11,-0.11
GRA,0.54,0.04,-0.12,-0.18,-0.09,-0.09
GWW,-0.02,-0.02,-0.04,-0.05,-0.02,-0.02
WNC,-0.02,-0.01,-0.03,-0.02,-0.02,-0.02
WBC,-0.01,-0.05,-0.06,-0.0,-0.02,-0.02
WDR,-0.02,0.01,0.02,0.08,-0.15,-0.15
WAGE,-0.26,-0.18,-0.13,-0.27,-0.67,-0.3
WD,2.16,3.04,-1.12,-1.2,0.15,0.15
WMT,-0.02,-0.03,-0.03,-0.04,-0.04,-0.05
DIS,-0.05,-0.05,-0.07,-0.06,-0.03,-0.05
HCC,-0.05,-0.05,-0.05,-0.33,0.02,0.02
WPG,-0.16,-0.43,-0.26,-0.17,-0.27,-0.27
WRE,0.11,-0.06,0.01,-0.34,-0.36,-0.36
WCN,-0.15,-0.32,-0.16,-0.13,-0.18,-0.18
WM,-0.07,-0.13,-0.13,-0.08,-0.11,-0.11
WAT,-0.04,-0.04,-0.05,-0.29,-0.0,-0.0
WSO,0.0,-0.01,-0.02,-0.02,0.02,0.02
WTS,-0.06,-0.15,-0.04,-0.06,-0.03,-0.03
W,-0.12,-0.09,-0.08,-0.06,-0.09,-0.09
WFT,-0.1,-0.29,-0.54,-0.43,-0.45,-0.45
WEC,-0.12,-0.11,-0.16,-0.11,-0.18,-0.18
WRI,0.09,-0.14,-0.01,0.11,0.08,0.08
WMK,-0.02,-0.03,-0.02,-0.02,-0.02,-0.02
WELL,-0.19,-0.13,-0.13,-0.22,-0.17,-0.17
WAIR,0.04,-0.2,-0.02,-0.15,0.01,0.01
WCC,0.0,-0.01,-0.03,0.0,-0.01,-0.01
WES,0.11,-0.26,-0.31,-0.23,-0.33,-0.33
WU,-0.03,-0.04,-0.15,-0.23,0.01,0.01
WAB,-0.04,-0.01,-0.05,0.02,-0.0,-0.0
WLK,-0.08,-0.1,-0.09,-0.03,-0.05,-0.05
WLKP,-0.05,-0.1,0.07,-0.42,-0.3,-0.3
WRK,-0.07,-0.06,-0.15,-0.08,-0.03,-0.09
WHG,0.0,-0.21,-0.2,-0.21,-0.03,-0.03
WEX,0.15,-0.11,-0.4,0.21,0.02,-0.09
WY,0.1,-0.08,0.05,-0.09,-0.05,-0.05
WPM,-0.23,-0.37,-0.91,-0.44,-0.57,-0.3
WHR,-0.04,-0.02,-0.02,-0.04,-0.07,-0.07
WSR,-0.32,-0.25,-0.31,-0.3,-0.26,-0.23
WLL,-0.58,-1.56,-1.51,-1.23,-0.36,-0.36
WOW,-0.18,-0.21,-0.13,-0.03,-0.31,-0.31
WMB,-0.0,-0.44,-0.55,-0.05,-0.4,-0.4
WSM,-0.04,-0.03,-0.05,-0.04,-0.05,-0.05
WIT,0.02,0.02,0.02,-0.01,-0.01,-0.01
WNS,-0.08,-0.07,-0.08,-0.09,-0.12
WWW,-0.07,-0.03,-0.08,-0.09,0.05,0.05
WK,-0.33,-0.14,-0.19,-0.24,-0.23,-0.23
INT,0.0,-0.01,-0.0,-0.01,0.01,0.01
WWE,-0.16,-0.04,-0.03,-0.08,-0.09,-0.09
WP,-0.16,-0.18,-0.19,-0.13,-0.16,-0.16
WOR,-0.02,-0.04,-0.1,-0.04,-0.02,-0.01
WPP,-0.04,-0.05,-0.02,-0.03,0.03,0.03
WPX,-0.3,-1.73,-0.96,-0.39,-0.33,-0.33
XHR,-0.08,-0.11,-0.15,-0.12,-0.06,-0.06
XRX,-0.06,-0.06,-0.15,0.02,-0.08,-0.08
XIN,0.38,1.01,0.06,0.15,-0.04,-0.06
XPO,-0.02,-0.04,-0.04,-0.03,-0.04,-0.04
XYL,-0.02,-0.03,-0.06,-0.08,-0.01,-0.01
AUY,-0.6,-1.04,-1.45,-0.54,-0.38,-0.49
YELP,-0.06,-0.16,-0.19,-0.02,-0.11,-0.11
YEXT,-0.11,-0.05,-0.17,-0.28,-0.21,-0.25
YRD,0.89,1.02,-0.08,-0.3,-0.24,0.27
YPF,-0.18,-0.26,-0.24,-0.37,-0.24,-0.19
YUMC,-0.11,-0.08,-0.05,-0.07,-0.07,-0.07
YUM,-0.08,-0.06,0.07,0.05,0.06,0.06
ZAYO,-0.66,-0.56,-0.46,-0.37,-0.33,-0.34
ZEN,-0.38,-0.54,-0.43,-0.41,-0.36,-0.36
ZBH,-0.07,-0.11,-0.17,0.03,-0.27,-0.27
ZTS,-0.01,-0.07,0.02,-0.09,-0.06,-0.06
ZTO,-0.06,-0.06,-0.17,-0.09,-0.05,-0.11
ZYME,-3.0,0.3,0.09,-0.19,-1.15,-1.15
